platform,keyword,avg_engagement_rate,count
pinterest,marketing,0.0,214
pinterest,tools,0.0,144
pinterest,digital,0.0,105
pinterest,content,0.0,89
pinterest,business,0.0,76
pinterest,media,0.0,50
pinterest,social,0.0,49
pinterest,seo,0.0,47
pinterest,video,0.0,40
pinterest,free,0.0,38
reddit,like,0.9920634920634921,204
reddit,marketing,1.0,197
reddit,content,0.9852941176470589,177
reddit,people,0.9864864864864865,131
reddit,actually,1.0,116
reddit,one,1.0,103
reddit,ads,1.0,100
reddit,google,1.0,95
reddit,would,0.9836065573770492,86
reddit,use,0.9841269841269841,86
twitter,content,0.0,21
twitter,generation,0.0,20
twitter,https,0.0,10
twitter,video,0.0,5
twitter,new,0.0,4
twitter,based,0.0,3
twitter,current,0.0,3
twitter,human,0.0,3
twitter,create,0.0,3
twitter,next,0.0,3
youtube,video,0.023644016543131335,137
youtube,content,0.03359047634427955,117
youtube,tools,0.03654487949918249,105
youtube,marketing,0.036324886654179454,97
youtube,free,0.033200265566111616,91
youtube,https,0.03581579712339328,71
youtube,best,0.02950422355427176,49
youtube,automation,0.03075101310262036,42
youtube,com,0.03435957881792828,40
youtube,business,0.039086214130605486,40
