topic,tone,keywords_used,hashtags_pool,variation_no,generated_text,score
Engineering,negative,"think, would, something, actually, even, like, people, brand, search, first, real, product, every, human, need, know, one, ads, google, work, time, new, data, help, chatgpt","#1, #101blockchains, #2, #39, #3d, #3dcartoonvideo, #9, #adstrategy, #affiliatetips, #agency, #agentgpt, #agenticai, #ai, #ai2025, #aiaa, #aiadvertising, #aiagency, #aiagent, #aiagents, #aianimation, #aianimationtools, #aiapplications, #aiapps, #aiart, #aiassistants, #aiautomation, #aibuilder, #aibusiness, #aicontent, #aicontentcreation",1,"As we think about the current state of engineering, it's hard not to feel a sense of disappointment. Even with all the advancements in technology, people would expect something more innovative, but actually, it's more of the same. Like many brands, they search for new ways to market their product, but every human need is still not being met. 

When we first look at the data, it seems like there's been progress, but in real terms, it's not helping as much as we know it could. One thing that could help is the use of AI, like ChatGPT, to work on new solutions. But for now, we're stuck with the same old ads on Google, and it's time for a change. Let's take a moment to think about what we can do differently. Want to be part of the solution? Let's chat! #ai #aicontent #engineering #innovation #aibusiness",26.46
Engineering,negative,"think, would, something, actually, even, like, people, brand, search, first, real, product, every, human, need, know, one, ads, google, work, time, new, data, help, chatgpt","#1, #101blockchains, #2, #39, #3d, #3dcartoonvideo, #9, #adstrategy, #affiliatetips, #agency, #agentgpt, #agenticai, #ai, #ai2025, #aiaa, #aiadvertising, #aiagency, #aiagent, #aiagents, #aianimation, #aianimationtools, #aiapplications, #aiapps, #aiart, #aiassistants, #aiautomation, #aibuilder, #aibusiness, #aicontent, #aicontentcreation",3,"As we think about the current state of engineering, it's hard not to feel a sense of disappointment. Even with all the advancements in technology, people would expect something more innovative, but actually, it's like we're stuck in a rut. Every human need is being addressed with the same old solutions, and it's time for a change. 

When you search for a real product or solution on Google, you're often met with ads that promise the world but don't deliver. As a brand, it's essential to know how to work with data to create something new and helpful. Tools like ChatGPT can help, but it's up to us to think outside the box. Let's take the first step towards revolutionizing engineering - what do you think is the one thing that could make a real difference? 

#ai #aiaa #aicontent #aiapplications #adstrategy",26.23
Engineering,negative,"think, would, something, actually, even, like, people, brand, search, first, real, product, every, human, need, know, one, ads, google, work, time, new, data, help, chatgpt","#1, #101blockchains, #2, #39, #3d, #3dcartoonvideo, #9, #adstrategy, #affiliatetips, #agency, #agentgpt, #agenticai, #ai, #ai2025, #aiaa, #aiadvertising, #aiagency, #aiagent, #aiagents, #aianimation, #aianimationtools, #aiapplications, #aiapps, #aiart, #aiassistants, #aiautomation, #aibuilder, #aibusiness, #aicontent, #aicontentcreation",2,"As we think about the current state of engineering, it's hard not to feel a sense of disappointment. Even with all the advancements in technology, people would still rather search for quick fixes than actually understand the real problems. Like every human, engineers have a need to create something that helps, but it's getting lost in the noise of ads and Google's algorithm. Every time we try to work on a new product, we're faced with the challenge of making it stand out in a crowded market. One thing that could help is using tools like ChatGPT to analyze data and improve our design process. If you're an engineer looking to make a real impact, take the time to think about what your brand is truly offering. Let's work together to create something that actually makes a difference - start by sharing your thoughts with me. #ai #aiautomation #engineering #innovation #aiapplications",25.02
