topic,tone,keywords_used,hashtags_pool,variation_no,generated_text,generated_at,score,sentiment_score,sentiment_label,dominant_emotion
AI,negative,"think, would, something, actually, even, like, people, brand, search, first, real, product","#1, #101blockchains, #2, #39, #3d, #3dcartoonvideo, #9, #adstrategy, #affiliatetips, #agency, #agentgpt, #agenticai, #ai, #ai2025, #aiaa, #aiadvertising, #aiagency, #aiagent, #aiagents, #aianimation, #aianimationtools, #aiapplications, #aiapps, #aiart, #aiassistants, #aiautomation, #aibuilder, #aibusiness, #aicontent, #aicontentcreation, #aidoctor, #aiearnings, #aientrepreneur, #aifilter, #aiforbusiness, #aiforcreators, #aifordevelopers, #aiforgrowth, #aiformarketing, #aiforprofessionals, #aiforwebdevelopment, #aifuture, #aiin2024, #aiin2050, #aiincome, #aiinnovation, #aiinseo, #aiintech, #aimarketing, #aimarketingtools, #aimukbang, #aimusthave, #aipowered, #aiproductivity, #aiprompts, #airesources, #airevolution, #aishorts, #aitech, #aitechnology, #aitools, #aitools2025, #aitoolsbusiness, #aitoolsforbusiness, #aitoolsformarketing",3,"AI is no longer just a futuristic buzzword; itâ€™s a **real** force reshaping every **product** pipeline â€“ and not always for the better. Many **people** **think** the hype will solve every marketing problem, but the reality is far messier. **Even** the most polished **brand**â€‘building tools often **search** for shortcuts that **actually** dilute authenticity. The first wave promised seamless personalization, yet the **something** we get is generic content that **would** feel like it was written by a robot, not a human. **Like** countless case studies, the dataâ€‘driven promises mask hidden biases and privacy risks. If youâ€™re relying on AI to craft your next campaign, ask yourself whether youâ€™re sacrificing **real** connection for convenience.  

ğŸ” Letâ€™s talk about the hidden costs before you doubleâ€‘down on AI.  

#ai #aifuture #aitech #aiin2024 #aiinseo  

ğŸ’¬ Share your thoughts below.",2025-12-15T17:46:04.054723,13.1,0.13444444444444445,Neutral,Optimism
AI,negative,"think, would, something, actually, even, like, people, brand, search, first, real, product","#1, #101blockchains, #2, #39, #3d, #3dcartoonvideo, #9, #adstrategy, #affiliatetips, #agency, #agentgpt, #agenticai, #ai, #ai2025, #aiaa, #aiadvertising, #aiagency, #aiagent, #aiagents, #aianimation, #aianimationtools, #aiapplications, #aiapps, #aiart, #aiassistants, #aiautomation, #aibuilder, #aibusiness, #aicontent, #aicontentcreation, #aidoctor, #aiearnings, #aientrepreneur, #aifilter, #aiforbusiness, #aiforcreators, #aifordevelopers, #aiforgrowth, #aiformarketing, #aiforprofessionals, #aiforwebdevelopment, #aifuture, #aiin2024, #aiin2050, #aiincome, #aiinnovation, #aiinseo, #aiintech, #aimarketing, #aimarketingtools, #aimukbang, #aimusthave, #aipowered, #aiproductivity, #aiprompts, #airesources, #airevolution, #aishorts, #aitech, #aitechnology, #aitools, #aitools2025, #aitoolsbusiness, #aitoolsforbusiness, #aitoolsformarketing",1,"AI promises to revolutionize everyâ€¯productâ€¯andâ€¯brandâ€¯strategy, but the reality is far less glamorous. Manyâ€¯peopleâ€¯think the hype will automatically boost sales, yet the firstâ€‘generation tools often generate generic copy that feels â€œrealâ€ only on the surface. Even when the output looks polished, it can misleadâ€¯searchâ€¯algorithms, pushing lowâ€‘quality content to the top and eroding trust.â€¯Wouldâ€¯you really want your customers to rely on something that canâ€™t verify factsâ€¯actuallyâ€¯?  

The hidden costs are mounting: licensing fees, endless fineâ€‘tuning, and the risk of brand dilution when AIâ€‘generated messaging sounds like everyone elseâ€™s.â€¯Likeâ€¯many trends, AI can be a doubleâ€‘edged swordâ€”helpful for automation but dangerous if you let it replace genuine human insight.  

ğŸ’¡â€¯What safeguards are you putting in place? Share your thoughts below.  

#ai #aiin2024 #aiadvertising #aifuture #aibusiness",2025-12-15T17:46:04.054723,13.02,0.08154761904761906,Neutral,Calm
AI,negative,"think, would, something, actually, even, like, people, brand, search, first, real, product","#1, #101blockchains, #2, #39, #3d, #3dcartoonvideo, #9, #adstrategy, #affiliatetips, #agency, #agentgpt, #agenticai, #ai, #ai2025, #aiaa, #aiadvertising, #aiagency, #aiagent, #aiagents, #aianimation, #aianimationtools, #aiapplications, #aiapps, #aiart, #aiassistants, #aiautomation, #aibuilder, #aibusiness, #aicontent, #aicontentcreation, #aidoctor, #aiearnings, #aientrepreneur, #aifilter, #aiforbusiness, #aiforcreators, #aifordevelopers, #aiforgrowth, #aiformarketing, #aiforprofessionals, #aiforwebdevelopment, #aifuture, #aiin2024, #aiin2050, #aiincome, #aiinnovation, #aiinseo, #aiintech, #aimarketing, #aimarketingtools, #aimukbang, #aimusthave, #aipowered, #aiproductivity, #aiprompts, #airesources, #airevolution, #aishorts, #aitech, #aitechnology, #aitools, #aitools2025, #aitoolsbusiness, #aitoolsforbusiness, #aitoolsformarketing",2,"AI promised to revolutionize every brand, but the reality is far less glamorous. Many people think AI will automatically deliver a real competitive edge, yet most tools simply regurgitate data without genuine insight. The first promise was a smarter search experience, but today the algorithms often push irrelevant content, making it harder for marketers to find something truly valuable. Even the most hyped product features can feel like a gimmick when they donâ€™t integrate with human creativity. Would you trust a campaign built entirely by a bot? In practice, AI can amplify bias, dilute brand voice, and create a false sense of efficiency. Companies that rely solely on AI risk losing authenticity and alienating their audience. Before you doubleâ€‘down, evaluate whether AI actually adds value or just adds noise. If youâ€™re looking for a sustainable strategy, combine AI with human oversight rather than letting it lead the conversation.  

Share your experience below.  

#ai #aiforbusiness #aiadvertising #aimarketing #aitechnology",2025-12-15T17:46:04.054723,12.88,0.057843137254901936,Neutral,Calm
