platform,post_id,hashtag
pinterest,514254851223001783,#aidoctor
pinterest,514254851223001783,#aifuture
pinterest,514254851223001783,#aiin2050
pinterest,915708536736722345,#ai
pinterest,915708536736722345,#machinelearning
pinterest,915708536736722345,#business
pinterest,915708536736722345,#technology
pinterest,915708536736722345,#datascience
pinterest,915708536736722345,#tech
pinterest,915708536736722345,#python
pinterest,915708536736722345,#deeplearning
pinterest,915708536736722345,#programming
pinterest,915708536736722345,#robotics
pinterest,8092474327047813,#1
pinterest,320600067242465738,#vsub
pinterest,320600067242465738,#fliki
pinterest,320600067242465738,#pictory
pinterest,320600067242465738,#invideo
pinterest,320600067242465738,#aivideotools
pinterest,320600067242465738,#techsavvy
pinterest,320600067242465738,#videocontentcreation
pinterest,320600067242465738,#digitalstorytelling
pinterest,320600067242465738,#aiinnovation
pinterest,320600067242465738,#creativeai
pinterest,320600067242465738,#contentcreators
pinterest,320600067242465738,#airevolution
pinterest,320600067242465738,#engagewithai
pinterest,320600067242465738,#videotechtrends
pinterest,191473421653560967,#bestaitools
pinterest,191473421653560967,#aifordevelopers
pinterest,191473421653560967,#topaitools
pinterest,191473421653560967,#aiinnovation
pinterest,191473421653560967,#aimusthave
pinterest,191473421653560967,#aitech
pinterest,191473421653560967,#airesources
pinterest,191473421653560967,#aiproductivity
pinterest,191473421653560967,#aiin2024
pinterest,191473421653560967,#aiapplications
pinterest,191473421653560967,#aiforbusiness
pinterest,191473421653560967,#aifuture
pinterest,191473421653560967,#aitrends
pinterest,191473421653560967,#aiforwebdevelopment
pinterest,191473421653560967,#essentialaitools
pinterest,191473421653560967,#aitransformation
pinterest,191473421653560967,#cuttingedgeai
pinterest,191473421653560967,#aiforprofessionals
pinterest,191473421653560967,#aiintech
pinterest,337207090870497314,#av
pinterest,337207090870497314,#arunvekariya
pinterest,337207090870497314,#digitalmarketing
pinterest,337207090870497314,#keywordresearch
pinterest,337207090870497314,#seooptimization
pinterest,337207090870497314,#digitalmarketingtips
pinterest,337207090870497314,#digitalmarketingagency
pinterest,337207090870497314,#digitalmarketingexpert
pinterest,337207090870497314,#suratmarketing
pinterest,337207090870497314,#marketinginindia
pinterest,337207090870497314,#marketingagencyinsurat
pinterest,337207090870497314,#suratfacebookadsexpert
pinterest,337207090870497314,#suratbrandingexpert
pinterest,337207090870497314,#expertinsurat
pinterest,337207090870497314,#bestdigital
pinterest,129126714312699357,#metaads
pinterest,129126714312699357,#businessgrowth
pinterest,129126714312699357,#socialmediamarketing
pinterest,129126714312699357,#facebookads
pinterest,129126714312699357,#i
pinterest,477803841740197055,#aivideogenerators
pinterest,477803841740197055,#contentcreation
pinterest,477803841740197055,#videomarketing
pinterest,477803841740197055,#digitalcontent
pinterest,22940279347761859,#aitoolsforbusiness
pinterest,22940279347761859,#aitoolsformarketing
pinterest,22940279347761859,#aitools
pinterest,22940279347761859,#bestaitools
pinterest,22940279347761859,#ai
pinterest,82050024457248230,#aicontentcreation
pinterest,82050024457248230,#contentmarketing
pinterest,82050024457248230,#socialmediatools
pinterest,82050024457248230,#digitalmarketing
pinterest,82050024457248230,#aiassistants
pinterest,82050024457248230,#marketingtools
pinterest,82050024457248230,#contentcreators
pinterest,438397345003043642,#aivideoads
pinterest,438397345003043642,#arcadsai
pinterest,438397345003043642,#makemoneywithai
pinterest,438397345003043642,#aiadvertising
pinterest,438397345003043642,#passiveincome
pinterest,438397345003043642,#aientrepreneur
pinterest,438397345003043642,#digitalmarketing
pinterest,633881716346679217,#aitools
pinterest,633881716346679217,#aibusiness
pinterest,633881716346679217,#productivity
pinterest,633881716346679217,#wealthbuilders
pinterest,307792955804686692,#taskadepartner
pinterest,307792955804686692,#taskade
pinterest,307792955804686692,#ai
pinterest,307792955804686692,#aiproductivity
pinterest,307792955804686692,#automation
pinterest,307792955804686692,#startuptips
pinterest,307792955804686692,#businessideas
pinterest,1034490976922949786,#aiearnings
pinterest,1034490976922949786,#aiincome
pinterest,1034490976922949786,#financialsuccess
pinterest,1036109458050156507,#freeaiprompts
pinterest,1036109458050156507,#ai
pinterest,1036109458050156507,#creativity
pinterest,153685406030000626,#1
pinterest,1407443628304646,#aiforgrowth
pinterest,1407443628304646,#innovationoverload
pinterest,1407443628304646,#techrevolution
pinterest,1407443628304646,#aitools
pinterest,1407443628304646,#websitebuilder
pinterest,1407443628304646,#seotools
pinterest,1407443628304646,#contentcreationtools
pinterest,1407443628304646,#contentcreationforbusiness
pinterest,1407443628304646,#aivideo
pinterest,1407443628304646,#prompt
pinterest,1407443628304646,#imagetools
pinterest,1407443628304646,#growthtools
pinterest,1108941108259381536,#digitalmarketing
pinterest,1108941108259381536,#smallbusinessgrowth
pinterest,1108941108259381536,#everloopdigital
pinterest,634866878760660535,#aianimationtools
pinterest,634866878760660535,#videoediting
pinterest,634866878760660535,#contentcreation
pinterest,634866878760660535,#aiforcreators
pinterest,634866878760660535,#animationsoftware
pinterest,634866878760660535,#makemoneywithai
pinterest,634866878760660535,#digitalmarketing
pinterest,134263632640356274,#affiliatetips
pinterest,134263632640356274,#makemoneyonline
pinterest,134263632640356274,#passiveincome
pinterest,1055179387705898226,#ai
pinterest,1055179387705898226,#seo
pinterest,1055179387705898226,#digitalmarketing
pinterest,1055179387705898226,#artificialintelligence
pinterest,1055179387705898226,#aimarketing
pinterest,1055179387705898226,#seotrends
pinterest,1055179387705898226,#searchengineoptimization
pinterest,1055179387705898226,#contentmarketing
pinterest,1055179387705898226,#machinelearning
pinterest,1055179387705898226,#marketingautomation
pinterest,1055179387705898226,#futureofseo
pinterest,1055179387705898226,#businessgrowth
pinterest,1055179387705898226,#techinnovation
pinterest,1055179387705898226,#aipowered
pinterest,1055179387705898226,#marketingstrategy
pinterest,835417799649108368,#ai
pinterest,835417799649108368,#digitalmarketing
pinterest,835417799649108368,#bestmarketing
pinterest,317151998783400714,#facebook
pinterest,317151998783400714,#seo
pinterest,317151998783400714,#google
pinterest,317151998783400714,#wordpress
pinterest,317151998783400714,#marketingdigital
pinterest,317151998783400714,#ecommerce
pinterest,317151998783400714,#webdesign
pinterest,317151998783400714,#rÃ©seauxsociaux
pinterest,317151998783400714,#googleanalytics
pinterest,317151998783400714,#tech
pinterest,317151998783400714,#digitalmarketing
pinterest,317151998783400714,#astucemarketing
pinterest,11540542793932210,#technology
pinterest,11540542793932210,#customerengagement
pinterest,11540542793932210,#artificialintelligence
pinterest,11540542793932210,#chatbotdevelopment
pinterest,11540542793932210,#userinterface
pinterest,1074319686123069414,#ai
pinterest,1074319686123069414,#productivity
pinterest,1074319686123069414,#teamwork
pinterest,929993391873355749,#aiapps
pinterest,929993391873355749,#businessautomation
pinterest,929993391873355749,#fiverrpro
pinterest,759208449721821791,#marketingai
pinterest,759208449721821791,#digitaltools
pinterest,759208449721821791,#marketingsuccess
pinterest,759208449721821791,#efficiency
pinterest,1407443629299265,#artificialintelligence
pinterest,1407443629299265,#ai
pinterest,1407443629299265,#marketing
pinterest,49328558412590557,#marketingtools
pinterest,49328558412590557,#aitools
pinterest,49328558412590557,#aimarketingtools
pinterest,49328558412590557,#marketingaitools
pinterest,49328558412590557,#businessmarketing
pinterest,49328558412590557,#makemoneywithai
pinterest,1407443629993988,#aitools
pinterest,1407443629993988,#productivitytools
pinterest,1407443629993988,#workflowhacks
pinterest,1407443629993988,#aiforcreators
pinterest,1407443629993988,#digitaltools
pinterest,954903927249169131,#youtube
pinterest,954903927249169131,#viralvideo
pinterest,954903927249169131,#subscrib
pinterest,871516965410762541,#contentcreation
pinterest,871516965410762541,#automation
pinterest,871516965410762541,#aitools
pinterest,323344448264140355,#generativeai
pinterest,323344448264140355,#ai
pinterest,323344448264140355,#hireawriter
pinterest,22940279347704118,#aiprompts
pinterest,22940279347704118,#machinelearning
pinterest,22940279347704118,#techtips
pinterest,22940279347704118,#productivity
pinterest,319685273569739088,#ai2025
pinterest,319685273569739088,#aiagents
pinterest,319685273569739088,#autogpt
pinterest,319685273569739088,#langgraph
pinterest,319685273569739088,#agentgpt
pinterest,319685273569739088,#aitools
pinterest,319685273569739088,#techtrends
pinterest,319685273569739088,#digitalautomation
pinterest,319685273569739088,#aibuilder
pinterest,319685273569739088,#nocodeai
pinterest,319685273569739088,#aiforbusiness
pinterest,319685273569739088,#futureready
pinterest,319685273569739088,#pinterestai
pinterest,319685273569739088,#productivitytools
pinterest,319685273569739088,#intelligentautomation
pinterest,988962399445122586,#aiinseo
pinterest,988962399445122586,#seoexperts
pinterest,988962399445122586,#digitalmarketing
pinterest,988962399445122586,#growyourbusiness
pinterest,29484572556791366,#ai
pinterest,29484572556791366,#generativeai
pinterest,29484572556791366,#artificialintelligence
pinterest,29484572556791366,#machinelearnig
pinterest,29484572556791366,#blockchains
pinterest,29484572556791366,#101blockchains
pinterest,226517056254280916,#aitoolsforseo
pinterest,226517056254280916,#seotools
pinterest,226517056254280916,#aitools
pinterest,226517056254280916,#seoanalytic
