title,pin_url,image_url,alt_text
AI for Affiliate Marketing: A Game Changer,https://www.pinterest.com/pin/790804015861313926/,https://i.pinimg.com/236x/ce/33/fc/ce33fc5cedb69fa51d6352abf7e80e7e.jpg,AI for Affiliate Marketing: A Game Changer
"Feedback For Students, Sales Manager, Online Surveys, Online Entrepreneur, Student Engagement, Teaching Tools, Online Learning, Being Used, Online Courses",https://www.pinterest.com/pin/494833077832509002/,https://i.pinimg.com/236x/82/09/09/82090999186ee936e698d3dc2fe6b0fb.jpg,"Feedback For Students, Sales Manager, Online Surveys, Online Entrepreneur, Student Engagement, Teaching Tools, Online Learning, Being Used, Online Courses"
the words are you struggling on a blue background,https://www.pinterest.com/pin/90635011246146547/,https://i.pinimg.com/videos/thumbnails/originals/b2/d3/bd/b2d3bda59278a35c1a5dce653f050fc0.0000000.jpg,This may contain: the words are you struggling on a blue background
"Máº«u Poster Ai ThÃ nh Phá»‘ ThÃ´ng Minh CÃ´ng Nghá»‡ Cao#pikbest#Templates Poster Technology Design Graphics, Tech Poster Design Inspiration, Digital Poster Design, Technology Poster Design Inspiration, Digital City Poster, Poster Technology, Design Futuristic Digital Posters, Create Futuristic Poster, Future Technology Poster",https://www.pinterest.com/pin/200269514674782771/,https://i.pinimg.com/236x/4b/31/50/4b3150de5d07198bd64e8043b90a3579.jpg,"Máº«u Poster Ai ThÃ nh Phá»‘ ThÃ´ng Minh CÃ´ng Nghá»‡ Cao#pikbest#Templates Poster Technology Design Graphics, Tech Poster Design Inspiration, Digital Poster Design, Technology Poster Design Inspiration, Digital City Poster, Poster Technology, Design Futuristic Digital Posters, Create Futuristic Poster, Future Technology Poster"
"Want to know the secret AI tool creators are using to make viral short-form videos on TikTok, Pinterest, and YouTube Shorts? Thereâ€™s a powerful app thatâ€™s helping content creators edit faster, add eye-catching captions, and even translate subtitles with just one click. Itâ€™s the go-to tool for beginners and experienced creators who want their videos to stand out and go viral. This game-changing AI app helps you save hours of editing and lets you focus on growing your brand. If youâ€™re trying to grow on TikTok or monetize your Pinterest videos, this AI tool could be the missing link. Many creators are already using it to improve their reach, engagement, and results with short-form content. Read more to learn more about Submagic AI. Video Maker App, Free Background Music, Video Marketing Strategies, Pinterest Video, Video Script, Caption For Yourself, Video Editing Apps, Corporate Presentation, Digital Business",https://www.pinterest.com/pin/468163323785510346/,https://i.pinimg.com/236x/36/7a/80/367a800f719517b1f3f72a4ea384f54e.jpg,"Want to know the secret AI tool creators are using to make viral short-form videos on TikTok, Pinterest, and YouTube Shorts? Thereâ€™s a powerful app thatâ€™s helping content creators edit faster, add eye-catching captions, and even translate subtitles with just one click. Itâ€™s the go-to tool for beginners and experienced creators who want their videos to stand out and go viral. This game-changing AI app helps you save hours of editing and lets you focus on growing your brand. If youâ€™re trying to grow on TikTok or monetize your Pinterest videos, this AI tool could be the missing link. Many creators are already using it to improve their reach, engagement, and results with short-form content. Read more to learn more about Submagic AI. Video Maker App, Free Background Music, Video Marketing Strategies, Pinterest Video, Video Script, Caption For Yourself, Video Editing Apps, Corporate Presentation, Digital Business"
a circular diagram with different types of items in the center and words describing content creation,https://www.pinterest.com/pin/1045679607243096607/,https://i.pinimg.com/236x/27/a2/71/27a2715cc9dfd8fa88bac0eeb2faf0dd.jpg,a circular diagram with different types of items in the center and words describing content creation
"an advertisement for the air force is shown in arabic, and it appears to be on display",https://www.pinterest.com/pin/7670261861420951/,https://i.pinimg.com/236x/6f/98/e4/6f98e4f65849a1d44f9d1092dc60c0c6.jpg,"an advertisement for the air force is shown in arabic, and it appears to be on display"
a woman sitting at a table with a pen in her hand and the words ask questions on it,https://www.pinterest.com/pin/353532639521348441/,https://i.pinimg.com/236x/f0/d2/f8/f0d2f830181b556a578fb959ad70f457.jpg,a woman sitting at a table with a pen in her hand and the words ask questions on it
"an abstract background with various electronic devices and symbols in the shape of squares, circles and rectangles",https://www.pinterest.com/pin/760545455868095819/,https://i.pinimg.com/236x/d1/94/57/d194572ec38056bfab9df64953fa0406.jpg,"an abstract background with various electronic devices and symbols in the shape of squares, circles and rectangles"
"ğŸ‘‰Learn to speak the language of social media: Take a ğ——ğ—¶ğ—´ğ—¶ğ˜ğ—®ğ—¹ ğ— ğ—®ğ—¿ğ—¸ğ—²ğ˜ğ—¶ğ—»ğ—´ ğ—–ğ—¼ğ˜‚ğ—¿ğ˜€ğ—² and get your path to a high-paying digital job. ğŸ“²Call for more information-99885-00936 ğŸ“ŒSCF-22, GTB Market, Khanna. .#digitalmarketing #facebookmarketing #wordpress #seo #smm #students #career #CareerOpportunities #careerdevelopment #microwavecomputer #khanna Learn Digital Marketing, Online Web Design, Digital Jobs, Job Celebration, Social Media Automation, Social Media Branding Design, Online Digital Marketing, Digital Marketing Training, Classroom Jobs",https://www.pinterest.com/pin/168181367333720079/,https://i.pinimg.com/236x/f1/89/2d/f1892d7c8a6520c92d3b3835b800d3e4.jpg,"ğŸ‘‰Learn to speak the language of social media: Take a ğ——ğ—¶ğ—´ğ—¶ğ˜ğ—®ğ—¹ ğ— ğ—®ğ—¿ğ—¸ğ—²ğ˜ğ—¶ğ—»ğ—´ ğ—–ğ—¼ğ˜‚ğ—¿ğ˜€ğ—² and get your path to a high-paying digital job. ğŸ“²Call for more information-99885-00936 ğŸ“ŒSCF-22, GTB Market, Khanna. .#digitalmarketing #facebookmarketing #wordpress #seo #smm #students #career #CareerOpportunities #careerdevelopment #microwavecomputer #khanna Learn Digital Marketing, Online Web Design, Digital Jobs, Job Celebration, Social Media Automation, Social Media Branding Design, Online Digital Marketing, Digital Marketing Training, Classroom Jobs"
"the website design for an electronic company, with different colors and font options on it",https://www.pinterest.com/pin/17873729765843558/,https://i.pinimg.com/236x/8b/57/a4/8b57a48c7aed4ca327b1436f7ee537e8.jpg,"the website design for an electronic company, with different colors and font options on it"
a woman holding a tablet in front of her face with the words benefits of digital marketing,https://www.pinterest.com/pin/113293746873736282/,https://i.pinimg.com/236x/53/a4/7e/53a47e0c126367cd1823a5ee8443034d.jpg,a woman holding a tablet in front of her face with the words benefits of digital marketing
a man standing on top of a cliff looking at a bar chart in the sky,https://www.pinterest.com/pin/714946509640283726/,https://i.pinimg.com/236x/82/d3/4d/82d34d7b9ae14f15967cce032a07b469.jpg,a man standing on top of a cliff looking at a bar chart in the sky
the statue of liberty in a light bulb with text that reads i made this using chatgtt new york,https://www.pinterest.com/pin/300826450140561088/,https://i.pinimg.com/236x/1f/fb/1d/1ffb1df885c4fa623ac5feee62f65ee2.jpg,the statue of liberty in a light bulb with text that reads i made this using chatgtt new york
a person holding up a tablet with the words top marketing automation software and tools,https://www.pinterest.com/pin/1407443625037191/,https://i.pinimg.com/236x/16/25/57/162557a9711aaacc214f7bd42f34a5ae.jpg,a person holding up a tablet with the words top marketing automation software and tools
digital tools,https://www.pinterest.com/pin/874965033863600806/,https://i.pinimg.com/236x/7e/89/56/7e89566ac5964ab1045e3994cf7438ee.jpg,digital tools
a woman sitting on top of a laptop computer next to two monitors with the caption tiger creates engaging social media posts customized for your business,https://www.pinterest.com/pin/42010209018860307/,https://i.pinimg.com/236x/74/87/a0/7487a0cfccace0ce2faf87c59e55b4f6.jpg,a woman sitting on top of a laptop computer next to two monitors with the caption tiger creates engaging social media posts customized for your business
"a poster with the words, we will guide right move for your business on it",https://www.pinterest.com/pin/806144402092351793/,https://i.pinimg.com/236x/4d/02/69/4d0269e9832b5adf34426def50ea8a03.jpg,"a poster with the words, we will guide right move for your business on it"
a purple poster with the words let's help you build bold brands on it,https://www.pinterest.com/pin/92042386130039748/,https://i.pinimg.com/236x/c8/fb/00/c8fb002239afab26c0f70d71355384f3.jpg,a purple poster with the words let's help you build bold brands on it
an orange background with three different social icons,https://www.pinterest.com/pin/170855379609328987/,https://i.pinimg.com/236x/da/d7/0d/dad70d8b79998b686eab8f852e611a91.jpg,an orange background with three different social icons
a woman sitting on top of a blue flower next to a jar,https://www.pinterest.com/pin/10555380371970341/,https://i.pinimg.com/236x/90/f3/2a/90f32ae98fab99b19d759a193e67b856.jpg,a woman sitting on top of a blue flower next to a jar
a series of social media banners with people sitting on couches,https://www.pinterest.com/pin/244461086015865182/,https://i.pinimg.com/236x/f0/cd/f6/f0cdf64ade88823f5ede0cfbd0023adb.jpg,a series of social media banners with people sitting on couches
"5 AI in marketing examples: Are you unsure where to start? How you can use the power of AI to transform your marketing and your business. The post AI in Marketing Examples: 5 Startling Ways Artificial Intelligence Is Transforming Marketing appeared first on Mostly Blogging. Tech Company Marketing Strategies, Ideas For Tech Marketing Campaigns, What Is Mql In Marketing, Automated Marketing Strategies, How To Adapt Marketing Strategies, Digital Marketing Automation Solutions, Chatbot Marketing Strategies, Future Of Marketing Strategies, Digital Marketing Automation Tools",https://www.pinterest.com/pin/66076319525052375/,https://i.pinimg.com/236x/3d/e9/bc/3de9bc44af9a615c7d8d20a7e60bcf95.jpg,"5 AI in marketing examples: Are you unsure where to start? How you can use the power of AI to transform your marketing and your business. The post AI in Marketing Examples: 5 Startling Ways Artificial Intelligence Is Transforming Marketing appeared first on Mostly Blogging. Tech Company Marketing Strategies, Ideas For Tech Marketing Campaigns, What Is Mql In Marketing, Automated Marketing Strategies, How To Adapt Marketing Strategies, Digital Marketing Automation Solutions, Chatbot Marketing Strategies, Future Of Marketing Strategies, Digital Marketing Automation Tools"
an image of a cell phone with google logo on it and graphs coming out of the screen,https://www.pinterest.com/pin/603271312643603434/,https://i.pinimg.com/236x/24/77/1b/24771bccdd3974c0aaad93d8c73d1bf8.jpg,an image of a cell phone with google logo on it and graphs coming out of the screen
two different types of web pages with text on them,https://www.pinterest.com/pin/6685099441414714/,https://i.pinimg.com/236x/a9/1c/65/a91c655180b8d233faea387b7f2f3814.jpg,two different types of web pages with text on them
learn digital marketing from the best in siliguri by bj brand school,https://www.pinterest.com/pin/333125703708340338/,https://i.pinimg.com/236x/36/4f/3d/364f3db6e59672f63a0d91dd51b06525.jpg,learn digital marketing from the best in siliguri by bj brand school
an abstract painting of a man's face with many different images on it,https://www.pinterest.com/pin/137289488964349004/,https://i.pinimg.com/236x/98/06/43/980643993e8b14bf5d657074b4a60238.jpg,an abstract painting of a man's face with many different images on it
"Ğ˜ÑĞºÑƒÑÑÑ‚Ğ²ĞµĞ½Ğ½Ñ‹Ğ¹ Ğ˜Ğ½Ñ‚ĞµĞ»Ğ»ĞµĞºÑ‚, Ğ Ğ°Ğ±Ğ¾Ñ‚Ğ° Ğ¡ AI, Ğ¤Ğ¸ÑˆĞºĞ¸ AI, Ğ‘Ğ»Ğ¾Ğ³ ĞĞ± AI, ĞĞ±ÑƒÑ‡ĞµĞ½Ğ¸Ğµ AI",https://www.pinterest.com/pin/2251868558723030/,https://i.pinimg.com/236x/b4/ff/de/b4ffde89c25f3ac020530882619e7fb4.jpg,"Ğ˜ÑĞºÑƒÑÑÑ‚Ğ²ĞµĞ½Ğ½Ñ‹Ğ¹ Ğ˜Ğ½Ñ‚ĞµĞ»Ğ»ĞµĞºÑ‚, Ğ Ğ°Ğ±Ğ¾Ñ‚Ğ° Ğ¡ AI, Ğ¤Ğ¸ÑˆĞºĞ¸ AI, Ğ‘Ğ»Ğ¾Ğ³ ĞĞ± AI, ĞĞ±ÑƒÑ‡ĞµĞ½Ğ¸Ğµ AI"
an animated man standing on top of a roof in front of a cityscape,https://www.pinterest.com/pin/311452130501813403/,https://i.pinimg.com/videos/thumbnails/originals/cb/09/ea/cb09ea34ec590670aaaaf47e03ff063e.0000000.jpg,This may contain: an animated man standing on top of a roof in front of a cityscape
an image of a web page with many different colors and shapes on the bottom half,https://www.pinterest.com/pin/11399805458446958/,https://i.pinimg.com/236x/77/2f/9c/772f9cf4f60f80c49a61860b38c06c2d.jpg,an image of a web page with many different colors and shapes on the bottom half
the website for web design is displayed in purple,https://www.pinterest.com/pin/7459155629696889/,https://i.pinimg.com/236x/1e/a6/86/1ea6863fe075abc1baf8fe51f1ed88c1.jpg,the website for web design is displayed in purple
there is a jar on the table with two glasses next to it and a sign that says cherry,https://www.pinterest.com/pin/10485011673627749/,https://i.pinimg.com/videos/thumbnails/originals/de/6e/2b/de6e2bfdebaa464a2dab83e9137be03b.0000000.jpg,This may contain: there is a jar on the table with two glasses next to it and a sign that says cherry
Designers FREE AI tools,https://www.pinterest.com/pin/71353975342478668/,https://i.pinimg.com/236x/91/7f/1b/917f1b0e6158c3e9e7efd27cd4c221c7.jpg,Designers FREE AI tools
"the future of digital marketing what's next? vrr, and voice search are posted to shape the future of digital marketing",https://www.pinterest.com/pin/760545455868095737/,https://i.pinimg.com/236x/55/1f/41/551f41ea2fa750d103fd24ce281cb0f3.jpg,"the future of digital marketing what's next? vrr, and voice search are posted to shape the future of digital marketing"
