title,author,score,num_comments,created_utc,url
Need career guidance,jayp2000,1,3,1764007503.0,https://reddit.com/r/marketing/comments/1p5oald/need_career_guidance/
Career Day: Middle School Edition,remixclashes,1,1,1763489529.0,https://reddit.com/r/marketing/comments/1p0jata/career_day_middle_school_edition/
Are marketing jobs shrinking?,EliseoDecathlon,88,103,1762880810.0,https://reddit.com/r/marketing/comments/1ouf0dj/are_marketing_jobs_shrinking/
Tired of writing case studies that nobody reads? I built a prompt that fixes that.,RealHuiGe,5,4,1762350035.0,https://reddit.com/r/marketing/comments/1op35fu/tired_of_writing_case_studies_that_nobody_reads_i/
I started showcasing real customer content on my website ‚Äî here‚Äôs what happened,navijokovik,13,15,1762331837.0,https://reddit.com/r/marketing/comments/1ooxm62/i_started_showcasing_real_customer_content_on_my/
I crafted the perfect press release prompt. Here's the complete system that actually gets media coverage.,RealHuiGe,0,2,1762182399.0,https://reddit.com/r/marketing/comments/1one6at/i_crafted_the_perfect_press_release_prompt_heres/
My Thoughts on Meta's Andromeda (And How To Succeed),alabamajma,0,2,1760711640.0,https://reddit.com/r/marketing/comments/1o92ywe/my_thoughts_on_metas_andromeda_and_how_to_succeed/
Does human written content outperform AI generated content?,sketchmuffin51,35,41,1758992740.0,https://reddit.com/r/marketing/comments/1ns0gim/does_human_written_content_outperform_ai/
FINALLY: ChatGPT ads are coming,SwimOld5053,0,4,1758921357.0,https://reddit.com/r/marketing/comments/1nrd8u3/finally_chatgpt_ads_are_coming/
"Disguised promotion on Reddit, for the sake of GEO, has to stop",PrettyGraphic,168,53,1757932545.0,https://reddit.com/r/marketing/comments/1nhiafz/disguised_promotion_on_reddit_for_the_sake_of_geo/
"I‚Äôm generally against gated content, but‚Ä¶‚Ä¶.",Simple__Marketing,87,13,1757002116.0,https://reddit.com/r/marketing/comments/1n8ee59/im_generally_against_gated_content_but/
"Creating a searchable legacy on Reddit, is there value in it?",justanotherfixture,4,5,1754578472.0,https://reddit.com/r/marketing/comments/1mk28y5/creating_a_searchable_legacy_on_reddit_is_there/
Paying for outsourced social media help but now I can tell they‚Äôre just using AI,justanotherfixture,49,44,1753200754.0,https://reddit.com/r/marketing/comments/1m6ibia/paying_for_outsourced_social_media_help_but_now_i/
On-page SEO optimisation sheet,kandil2015,0,6,1752915393.0,https://reddit.com/r/marketing/comments/1m3rkrn/onpage_seo_optimisation_sheet/
any1 actually doin generative engine optimization rn?,sichuanbutton,91,135,1752587677.0,https://reddit.com/r/marketing/comments/1m0iegj/any1_actually_doin_generative_engine_optimization/
Boosted post or meta ad?,InevitableMost6194,1,8,1752165876.0,https://reddit.com/r/marketing/comments/1lwhk5i/boosted_post_or_meta_ad/
Is this toxic environment normal -- how to deal with burnout,mercurialvixen,4,6,1752022935.0,https://reddit.com/r/marketing/comments/1lv5pzm/is_this_toxic_environment_normal_how_to_deal_with/
"My co workers keep re-writing my email copy without telling me they are going to do it. They don't do this for any other marketer, just me. How do I get them to stop and actually respect me?",Live_Profile843,6,5,1750877604.0,https://reddit.com/r/marketing/comments/1lke5rh/my_co_workers_keep_rewriting_my_email_copy/
"So much of marketing is testing. So why are we being punished instead of being allowed to examine, learn, and adjust?",Live_Profile843,22,6,1750870618.0,https://reddit.com/r/marketing/comments/1lkb2j2/so_much_of_marketing_is_testing_so_why_are_we/
"Marketers, what are your actual expectations for using AI for creative?",beepboop2588,11,26,1750865143.0,https://reddit.com/r/marketing/comments/1lk8n0b/marketers_what_are_your_actual_expectations_for/
Too much AI and idk how to say it.,BubblyLettuce76,6,8,1750771574.0,https://reddit.com/r/marketing/comments/1ljb2k2/too_much_ai_and_idk_how_to_say_it/
Is this a legit service?,Sunsetandthemoon,1,3,1750673959.0,https://reddit.com/r/marketing/comments/1licys1/is_this_a_legit_service/
Disney v. Midjourney lawsuit,broly3652,46,50,1750535857.0,https://reddit.com/r/marketing/comments/1lh5c8k/disney_v_midjourney_lawsuit/
Original content flagged for AI,ThriveMarketingTeam,8,5,1750424046.0,https://reddit.com/r/marketing/comments/1lg39ao/original_content_flagged_for_ai/
Struggling with brand YouTube channel growth after early success. Anyone else?,pnknvn,2,3,1750409676.0,https://reddit.com/r/marketing/comments/1lfz6et/struggling_with_brand_youtube_channel_growth/
"Feel like internet is evolving too fast, What Skill Actually Lasts?",sgtkebab,51,39,1750398877.0,https://reddit.com/r/marketing/comments/1lfwgkp/feel_like_internet_is_evolving_too_fast_what/
How does your body react to AI ads?,ThriveMarketingTeam,10,23,1750177491.0,https://reddit.com/r/marketing/comments/1ldrllx/how_does_your_body_react_to_ai_ads/
Micromanaged by non marketing co workers,Party-pie85,28,22,1750177480.0,https://reddit.com/r/marketing/comments/1ldrlfk/micromanaged_by_non_marketing_co_workers/
meta ad budget for cosmetic brand 1 product,Designer-Phase8924,1,3,1749922269.0,https://reddit.com/r/marketing/comments/1lbe6tc/meta_ad_budget_for_cosmetic_brand_1_product/
"If you keep asking yourself these 3 questions, the answer might be: it‚Äôs time to hire a marketing agency.",BlacksmithCharming37,0,0,1749826385.0,https://reddit.com/r/marketing/comments/1lahyb4/if_you_keep_asking_yourself_these_3_questions_the/
I feel like i'm severely underpaid as a social media manager but I'm not sure (honest responses are appreciated!!),Late_Preparation4802,65,108,1749644004.0,https://reddit.com/r/marketing/comments/1l8r2k2/i_feel_like_im_severely_underpaid_as_a_social/
How do I tell my client his business is failing for reasons he nor I can control?,MaybeOutrageous2717,105,96,1749518159.0,https://reddit.com/r/marketing/comments/1l7m4t5/how_do_i_tell_my_client_his_business_is_failing/
I was told to replace Premi√®re Pro by AI editing,littlebeaverxoxo,28,30,1749510662.0,https://reddit.com/r/marketing/comments/1l7jhvo/i_was_told_to_replace_premi√®re_pro_by_ai_editing/
How do you get your brand into Gemini AI summaries for competitive service searches?,Siddhesh900,6,5,1749463553.0,https://reddit.com/r/marketing/comments/1l70xer/how_do_you_get_your_brand_into_gemini_ai/
Has anyone tried using AI agents as lead magnets instead of traditional gated content? Results?,RagingBull6969,1,9,1749338737.0,https://reddit.com/r/marketing/comments/1l5y6b7/has_anyone_tried_using_ai_agents_as_lead_magnets/
Google AI Mode's impact on how we do SEO... What does it mean for our site clicks?,ThriveMarketingTeam,1,2,1749160086.0,https://reddit.com/r/marketing/comments/1l4bnq9/google_ai_modes_impact_on_how_we_do_seo_what_does/
AI Veo 3,Opening-Slice968,0,13,1749113227.0,https://reddit.com/r/marketing/comments/1l3u92u/ai_veo_3/
Meta AI ads‚Ä¶ should we be worried ?,i_m_possible_,6,5,1748970891.0,https://reddit.com/r/marketing/comments/1l2hlaw/meta_ai_ads_should_we_be_worried/
Is SEO dying?,Electronic-Cause5274,60,136,1748676830.0,https://reddit.com/r/marketing/comments/1kzreb9/is_seo_dying/
Whats expectation for a Performance Marketing role?,AlternativeFinish705,1,3,1748564541.0,https://reddit.com/r/marketing/comments/1kyqlv5/whats_expectation_for_a_performance_marketing_role/
"[Discussion] Lead Gen in IT Is a Grind Lately, What‚Äôs Actually Working?",sidy___20,9,21,1748434074.0,https://reddit.com/r/marketing/comments/1kxfebi/discussion_lead_gen_in_it_is_a_grind_lately_whats/
How will you create your ads when machines are EVERYWHERE and no one trusts anyone?,Illustrious_Owl_6424,0,0,1748288473.0,https://reddit.com/r/marketing/comments/1kw3ifw/how_will_you_create_your_ads_when_machines_are/
Close to giving up,51765177,6,1,1747861880.0,https://reddit.com/r/marketing/comments/1ks99vd/close_to_giving_up/
Boring Content AI! What‚Äôs actually is working for you right now?,Careless-Session-300,14,28,1747741792.0,https://reddit.com/r/marketing/comments/1kr2vtg/boring_content_ai_whats_actually_is_working_for/
Real Estate Marketing - Help!,FreckledFox5280,9,24,1747683887.0,https://reddit.com/r/marketing/comments/1kql5l5/real_estate_marketing_help/
Have you adjusted your content strategy based on TikTok‚Äôs new keyword ranking data?,beebianca4,3,4,1747651870.0,https://reddit.com/r/marketing/comments/1kq8o6s/have_you_adjusted_your_content_strategy_based_on/
"AI search engines absolutely suck at citations, says CJR report",Siddhesh900,22,13,1747247500.0,https://reddit.com/r/marketing/comments/1kmmpqh/ai_search_engines_absolutely_suck_at_citations/
State of The Marketing-Mix 2025 - Where do new companies start today?,Bomba82,7,14,1747234533.0,https://reddit.com/r/marketing/comments/1kmh8yb/state_of_the_marketingmix_2025_where_do_new/
Do you/how do you keep track of your campaign links?,plainsignal,1,0,1747059434.0,https://reddit.com/r/marketing/comments/1kktn0v/do_youhow_do_you_keep_track_of_your_campaign_links/
Help with brand name,Bl1ssg1rl,0,14,1746988202.0,https://reddit.com/r/marketing/comments/1kk7s4b/help_with_brand_name/
"The opportunity of a life time, what should i do?",Hasansalman1,1,8,1746880462.0,https://reddit.com/r/marketing/comments/1kj98jf/the_opportunity_of_a_life_time_what_should_i_do/
Awesome Company Content Blogs,Solid_Simple_4072,4,8,1746812022.0,https://reddit.com/r/marketing/comments/1kioc7q/awesome_company_content_blogs/
No More Prompt Engineering for Content Marketers: How to Brief AI Like a Copywriter,achieversasylum,1,0,1746807853.0,https://reddit.com/r/marketing/comments/1kimnh0/no_more_prompt_engineering_for_content_marketers/
If every brand can look perfect thanks to AI - what actually matters?,82DASH_content,0,46,1746630826.0,https://reddit.com/r/marketing/comments/1kgztyj/if_every_brand_can_look_perfect_thanks_to_ai_what/
How do you reach creators (and their managers) when you‚Äôre not asking for promotion?,Salt_Blueberry5107,1,0,1746461111.0,https://reddit.com/r/marketing/comments/1kffdjv/how_do_you_reach_creators_and_their_managers_when/
Building an AI tool that does your marketing in 30 seconds ‚Äì looking for honest feedback before I launch,Budeanu-Lucian,0,11,1746454182.0,https://reddit.com/r/marketing/comments/1kfck16/building_an_ai_tool_that_does_your_marketing_in/
Should I accept an apparently unethical marketing job offer?,Economy-Spirit5651,0,31,1746386616.0,https://reddit.com/r/marketing/comments/1kes1ac/should_i_accept_an_apparently_unethical_marketing/
Unreliable lawn service. Google writes some killer ads!,Cfugs,33,10,1745969915.0,https://reddit.com/r/marketing/comments/1kb2ffc/unreliable_lawn_service_google_writes_some_killer/
"What's been your ""Damn, I'm good"" moment?",Digital_Dingo88,15,33,1745944563.0,https://reddit.com/r/marketing/comments/1kase9l/whats_been_your_damn_im_good_moment/
Best low budget B2B marketing tactics that work.,RevenueMachine,18,35,1745928500.0,https://reddit.com/r/marketing/comments/1kamb15/best_low_budget_b2b_marketing_tactics_that_work/
Transitioning from freelancing to remote job (need advice),DevelopmentSimilar86,1,6,1745905010.0,https://reddit.com/r/marketing/comments/1kagkua/transitioning_from_freelancing_to_remote_job_need/
Why are all the AI tools for marketers focused on content? What about conversion and leads?,One-Expression6854,2,7,1745348914.0,https://reddit.com/r/marketing/comments/1k5eojs/why_are_all_the_ai_tools_for_marketers_focused_on/
My LinkedIn feed these days: ‚ÄòThis workflow replaces a $10k web agency‚Äô ‚Äî and we wonder why clients don‚Äôt trust marketers. LinkedIn has officially become the OnlyFans for AI spammers.,iamrahulbhatia,114,39,1745338323.0,https://reddit.com/r/marketing/comments/1k5a8j7/my_linkedin_feed_these_days_this_workflow/
"In-house marketers, how many of you work alongside an agency? Am I being replaced?",lostangelmess,1,3,1745274501.0,https://reddit.com/r/marketing/comments/1k4qlk1/inhouse_marketers_how_many_of_you_work_alongside/
How  to Best Support The Demand Generation Team With Paid Ads?,Thin_Conversation866,3,3,1744475032.0,https://reddit.com/r/marketing/comments/1jxl3lf/how_to_best_support_the_demand_generation_team/
Google AI in search,feech1970,11,11,1744419161.0,https://reddit.com/r/marketing/comments/1jx5ckf/google_ai_in_search/
AI Layout Tool for 10-12 pg Guides/Lead Generators,epfreeland,2,1,1743296891.0,https://reddit.com/r/marketing/comments/1jn18ud/ai_layout_tool_for_1012_pg_guideslead_generators/
Do marketers ever generate blog posts by interviewing SMEs at the companies they're producing the content for?,faceerase,1,1,1743010137.0,https://reddit.com/r/marketing/comments/1jkhekc/do_marketers_ever_generate_blog_posts_by/
"SEO/AI buzz: Users who click from SERPs with AI Overviews spend more time on sites, AI-generated content floods search results, and more",BogdanK_seranking,8,0,1742561679.0,https://reddit.com/r/marketing/comments/1jgg503/seoai_buzz_users_who_click_from_serps_with_ai/
How Are You Maintaining Brand Voice in AI-Generated Content?,WhichAnt8572,0,13,1742493744.0,https://reddit.com/r/marketing/comments/1jfv77j/how_are_you_maintaining_brand_voice_in/
"SEO &amp; Marketing News: Google Launches March Core Update, Over 60% of AI Search Answers Are Wrong, Google Disrupts Reservations by Hijacking Restaurant Booking System",BogdanK_seranking,25,5,1742388662.0,https://reddit.com/r/marketing/comments/1jew85k/seo_marketing_news_google_launches_march_core/
TLDR: Need help crafting a comprehensive marketing strategy for an enterprise b2b company.,Saltselsell,4,3,1742231342.0,https://reddit.com/r/marketing/comments/1jdhvfg/tldr_need_help_crafting_a_comprehensive_marketing/
ABM - Best ways to support the sales team?,fazzio514,5,6,1741885631.0,https://reddit.com/r/marketing/comments/1jah00j/abm_best_ways_to_support_the_sales_team/
User-Generated Content in Influencer Campaigns‚ÄîHas It Worked for You?,Few_Title7501,1,1,1741631600.0,https://reddit.com/r/marketing/comments/1j85rfp/usergenerated_content_in_influencer_campaignshas/
Which psychological trigger do you use most in your marketing?,ramzibenabid,11,11,1741581546.0,https://reddit.com/r/marketing/comments/1j7qroi/which_psychological_trigger_do_you_use_most_in/
Exploring AI Tools for Enhancing Push Notification Campaigns,nguha_am,1,1,1741265930.0,https://reddit.com/r/marketing/comments/1j4uvn8/exploring_ai_tools_for_enhancing_push/
MQL conversion funnels - should they include lower intent leads like webinar sign ups?,pomeloyellow,1,1,1741140859.0,https://reddit.com/r/marketing/comments/1j3sdhd/mql_conversion_funnels_should_they_include_lower/
The Fake MMS Marketing Funnel That‚Äôs Exploiting Women in India,whocares1800,0,0,1741100791.0,https://reddit.com/r/marketing/comments/1j3ctdj/the_fake_mms_marketing_funnel_thats_exploiting/
"SEO News: Google Search Console API Experiencing Delays, AI Overviews Will Include 50 Links, Chegg Sues Google Over AI Overviews Impacting Traffic and Revenue, and More",SERanking_news,18,2,1741092659.0,https://reddit.com/r/marketing/comments/1j3a1x5/seo_news_google_search_console_api_experiencing/
Went viral on tiktok promoting other people's app - currently making me $3k/month,thepillowco,0,7,1741018670.0,https://reddit.com/r/marketing/comments/1j2md3z/went_viral_on_tiktok_promoting_other_peoples_app/
That's what i did. How can I improve my website and increase conversions?,Opposite_Double_2928,3,7,1740932559.0,https://reddit.com/r/marketing/comments/1j1ulhi/thats_what_i_did_how_can_i_improve_my_website_and/
Best Social Media Analysis Tool?,ThatStupidGuyJim,4,2,1740882863.0,https://reddit.com/r/marketing/comments/1j1gkuz/best_social_media_analysis_tool/
How do I generate leads for a small b2b start-up that is in a super-niche indsutry?,VirtualDay2300,1,0,1740875676.0,https://reddit.com/r/marketing/comments/1j1e9jv/how_do_i_generate_leads_for_a_small_b2b_startup/
"AIO Buzz: AI Overview with 40, 50, 60+ links, AIOs have become a key part of Samsung's ad campaign, AI Overview rankings fluctuate more than Google‚Äôs organic search, beyond",SERanking_news,16,4,1740745925.0,https://reddit.com/r/marketing/comments/1j06kvi/aio_buzz_ai_overview_with_40_50_60_links_aios/
How do you get UGC from Customers?,EDuGhTeR,2,3,1740645071.0,https://reddit.com/r/marketing/comments/1izb5ov/how_do_you_get_ugc_from_customers/
"SEO News: Google Expands AI Overviews and Screen Search Capabilities on iOS, Organic listings dropped from SERPs when local listings are present, Apple to Integrate Google Gemini into Apple Intelligence",SERanking_news,17,1,1740482510.0,https://reddit.com/r/marketing/comments/1ixsqez/seo_news_google_expands_ai_overviews_and_screen/
googls ads leads are claiming they did not submit our lead forms,iAmaMeta4,1,0,1740428235.0,https://reddit.com/r/marketing/comments/1ixbs1y/googls_ads_leads_are_claiming_they_did_not_submit/
"AI Digest: DuckDuckGo‚Äôs AI Assistant killer feature, ChatGPT uses old social media posts for their answers, ‚ÄúThe Impact of AI Overviews‚Äù from Kevin Indig, and more",SERanking_news,10,1,1740140279.0,https://reddit.com/r/marketing/comments/1iupk09/ai_digest_duckduckgos_ai_assistant_killer_feature/
Is it worthwhile for me to try to create my own digital marketing agency?,issalottasteeze,1,0,1739956889.0,https://reddit.com/r/marketing/comments/1it1gfe/is_it_worthwhile_for_me_to_try_to_create_my_own/
"SEO News: Google Search Boosts Speed by 60ms with New Pre-Fetching Method, Reddit Blames Google Algorithm Update for Missed User Growth Targets, New Loyalty Pricing Features for Members in Merchant Listings",SERanking_news,24,5,1739882229.0,https://reddit.com/r/marketing/comments/1isbpgo/seo_news_google_search_boosts_speed_by_60ms_with/
"Im about to hire my first marketing person, what are some realistic expectations for this position?",rspmkiv,20,64,1739559883.0,https://reddit.com/r/marketing/comments/1ipi6fs/im_about_to_hire_my_first_marketing_person_what/
"Google DOES penalize AI content, period. Running a content marketing consultancy and have seen multiple LEGIT SaaS websites get penalized because of abusing AI e.g. mass-generating blog posts or template pages.",highwayman6677,54,7,1739448564.0,https://reddit.com/r/marketing/comments/1iohna9/google_does_penalize_ai_content_period_running_a/
DeepSeek: Cost-effective AI for SEOs or overhyped ChatGPT competitor?,SERanking_news,8,4,1739447291.0,https://reddit.com/r/marketing/comments/1iohbbq/deepseek_costeffective_ai_for_seos_or_overhyped/
"SEO News: AI Overviews Are Hurting Click-Through Rates, Police Raid on SEO Experts Over Legitimate Google Maps Updates, Aio Introduces Detailed Comparison Mode for Product Searches",SERanking_news,24,3,1739280188.0,https://reddit.com/r/marketing/comments/1imygcn/seo_news_ai_overviews_are_hurting_clickthrough/
For Creative Strategists &amp; DTC Brands Considering UGC Factory,Right_Percentage6220,1,1,1738744115.0,https://reddit.com/r/marketing/comments/1ii5jt3/for_creative_strategists_dtc_brands_considering/
Marketing work for an author in exchange for revenue share,pgcasita,1,2,1738364726.0,https://reddit.com/r/marketing/comments/1ies37w/marketing_work_for_an_author_in_exchange_for/
Why Every Business Should Have Its Own Radio Station,billysurf,0,21,1738338393.0,https://reddit.com/r/marketing/comments/1iehpc5/why_every_business_should_have_its_own_radio/
Lead Generation for Design Studio,mazembe_kidiaba,3,6,1738263445.0,https://reddit.com/r/marketing/comments/1idufu9/lead_generation_for_design_studio/
Help with marketing spend,44cprs,1,6,1738252230.0,https://reddit.com/r/marketing/comments/1idpytv/help_with_marketing_spend/
I do more roles than I‚Äôm paid for - advice welcome üôè,Somethinsomethinnice,1,4,1738155511.0,https://reddit.com/r/marketing/comments/1ict622/i_do_more_roles_than_im_paid_for_advice_welcome/
