video_id,channel_id,title,channel_title,description,publish_date,thumbnail_url,view_count,like_count,comment_count
6SLec-mvL0w,UCPTQJMFaTjW9sDFmNh-bcEA,Free AI Tools vs Paid ‚Äì Which One Should You Use in 2025‚ùì#Rajeevtechmaster,Rajeev tech master,"Free AI Tools vs Paid ‚Äì Which One Should You Use in 2025‚ùì Thinking of using AI for content creation, design, editing, ...",2025-04-18T06:30:19Z,https://i.ytimg.com/vi/6SLec-mvL0w/hqdefault.jpg,348943,4930,43
bFGayjPe7yA,UCza8Qod4N6OX1gF5U56JZnQ,Best PAID AI Tools Free Alternatives 2025 | #AITools #FreeAI #Productivity2025,AW-TECHNOLOGIES,Discover the top free alternatives to paid AI tools in 2025 that can supercharge your productivity without breaking the bank!,2025-03-17T20:45:01Z,https://i.ytimg.com/vi/bFGayjPe7yA/hqdefault.jpg,175811,1459,227
fvxyj34edJU,UCyVbhVGzfL9tW9Xc1FkYsbg,Best PAID AI Tools Free Alternatives 2025 | #AITools #FreeAI #Productivity2025,PC Skills Pro,Title: Best PAID AI Tools Free Alternatives 2025 | #AITools #FreeAI #Productivity2025 Description: Discover the top free ...,2024-12-04T23:51:24Z,https://i.ytimg.com/vi/fvxyj34edJU/hqdefault.jpg,615786,10010,91
pyNOR5BSN9I,UCf8vea_FtDuNiDxSjcUzv5A,Alex Hormozi‚Äôs Advice on Content Creation,Castmagic,Alex Hormozi's Advice on Content Creation. Use this tool to automate your content creation: ...,2024-07-12T11:00:56Z,https://i.ytimg.com/vi/pyNOR5BSN9I/hqdefault.jpg,303294,8444,220
rAtoS-iy9NU,UC2KVnGvOAWutbCnf1kqWuCQ,10 Free Apps For Content Creation | Phil Pallen,Phil Pallen,10 free apps for content creation: https://youtu.be/U3M-PnqhYro?si=rKQjPsMgq6-VaGGO 15 AI apps worth paying for: ...,2022-09-19T18:43:33Z,https://i.ytimg.com/vi/rAtoS-iy9NU/hqdefault.jpg,162852,3108,34
A-I7BvCUGaI,UC7geKfz2-IH0rsgRBtHTm0g,How to use AI to automate your content creation,Learn With Shopify,This is the easiest way to automate your social media content creation with AI. #aitools Leveraging AI can significantly streamline ...,2025-04-26T12:00:31Z,https://i.ytimg.com/vi/A-I7BvCUGaI/hqdefault.jpg,47581,1205,10
jyKBSOfn9QA,UCpWT_QfKk7BJIpn709YgsYA,Automate Your Social Media Content (No Effort Required!) üíª‚òï #contentcreation #digitalmarketing,Website Learners,Start here* ‚ûú https://www.make.com/en/register?pc=websitelearners *AI Social media post creator* ‚ûú Coming Soon ...,2025-01-02T11:30:24Z,https://i.ytimg.com/vi/jyKBSOfn9QA/hqdefault.jpg,114671,5426,40
FnWv86TQl3M,UCBndAQxGxEb3M-oXL1ohrVg,6 FREE* AI Tools for Content Creation | 2025 Updated üöÄ,Damini Tripathi,These free ai tools that can help you in content creation and increase your productivity. As a content creator I used these tools for ...,2024-12-04T14:30:52Z,https://i.ytimg.com/vi/FnWv86TQl3M/hqdefault.jpg,117798,5534,159
H7GC_qee6E4,UCaD84y0PX7gF-VykzgGOSkg,A.I. Has Officially Gone Too Far üòü | Google Veo 3 is INSANE üö®,Edited By Geo,ai #artificialintelligence #veo3.,2025-05-31T22:03:26Z,https://i.ytimg.com/vi/H7GC_qee6E4/hqdefault.jpg,5176715,113364,7258
nsJjSOeCbhs,UCCktnahuRFYIBtNnKT5IYyg,üî•Top AI Tools You Need in 2025 | Best AI Tools to Learn | Intellipaat #shorts,Intellipaat,Top AI Tools You Need in 2025 | Best AI Tools to Learn #AiTools2025 #BestAiTools #BestAiTools2025 #FreeAiTools ...,2025-06-10T10:26:06Z,https://i.ytimg.com/vi/nsJjSOeCbhs/hqdefault.jpg,252191,6194,41
qCYpdGQCbFM,UCpWT_QfKk7BJIpn709YgsYA,ü™Ñ 4 Best AI Tools for Content Creators!,Website Learners,,2023-12-11T11:30:19Z,https://i.ytimg.com/vi/qCYpdGQCbFM/hqdefault.jpg,82202,7185,30
w7JG79aYJKQ,UCWxrbyB8UCJ0a8fWTmE5mYQ,YouTube Monetization Ban on AI Content | Full Update July 2025,Editminds Tech,"In this video, I'll explain the latest YouTube monetization update effective July 15, 2025, where YouTube stops monetizing ...",2025-07-13T11:56:01Z,https://i.ytimg.com/vi/w7JG79aYJKQ/hqdefault.jpg,215317,5815,81
3Gkke_9WU10,UC-b3c7kxa5vU-bnmaROgvog,Do This Before You Start Making Content,The Futur,"Shorts Want a deeper dive? Typography, Lettering, Sales & Marketing, Social Media and The Business of Design courses ...",2021-04-19T14:00:01Z,https://i.ytimg.com/vi/3Gkke_9WU10/hqdefault.jpg,1117324,90448,476
duGOA6ZiGtE,UC0yHbz4OxdQFwmVX2BBQqLg,How I Use AI to Automate Content Creation - Step-by-Step (FULL GUIDE),AI Master,sponsored by Sign up to VEED to free! https://bit.ly/4eDMZpL Become an AI Master ‚Äì All-in-one AI Learning ...,2024-09-29T08:10:57Z,https://i.ytimg.com/vi/duGOA6ZiGtE/hqdefault.jpg,156834,4325,102
o9X7xox_vS4,UCEJ0tOC8oaKSyd0bd7FTlpw,Top 5 Powerful AI Tools for Content Creation!,Prem Bafna,,2025-04-10T13:31:26Z,https://i.ytimg.com/vi/o9X7xox_vS4/hqdefault.jpg,14994,580,2
g5qCWcJ1sac,UCV0FmNF3iM-022BF1KbVtxA,Create an AI Influencer in less than 60 seconds!,HeyGen,Create your own AI Influencer in less than 60 seconds! Leave a comment down below of what location we should put our ...,2025-04-09T02:26:57Z,https://i.ytimg.com/vi/g5qCWcJ1sac/hqdefault.jpg,441296,18805,669
m9iaJNJE2-M,UCPjNBjflYl0-HQtUvOx0Ibw,I Built an AI Content Agent With N8N and Claude (Step-by-Step),Greg Isenberg,Join me as chat I with The Boring Marketer as we demonstrate a complete n8n workflow automation that can save content creators ...,2025-05-23T18:05:10Z,https://i.ytimg.com/vi/m9iaJNJE2-M/hqdefault.jpg,217398,6771,723
MLe2wI7ba6g,UCqcCVUAeQg90KQknq7H-7uA,ü§Ø use this ‚ÄòAI‚Äô to level up and turn any image into a crazy cinematic product video,Sebastien Jefferies,use this 'AI' to level up and turn any image into a crazy cinematic product video using this new AI tool! Try Higgsfield here: ...,2025-05-17T21:37:46Z,https://i.ytimg.com/vi/MLe2wI7ba6g/hqdefault.jpg,115336,2931,337
XQL6zV8aRFk,UCVeuau7DLrg7zlAjxxDbdww,The Latest AI-Powered Content Creation Workflow for Business (Speed Challenge!),HubSpot Marketing,Watch me turn 1 idea into 46 posts across all platforms in just 60 minutes using AI - here's the exact workflow that saves 20+ hours ...,2025-08-20T17:30:08Z,https://i.ytimg.com/vi/XQL6zV8aRFk/hqdefault.jpg,37298,1450,166
zSkv2ydB54M,UCpWT_QfKk7BJIpn709YgsYA,Automating Faceless Shorts with AI (No Code + n8n Template),Website Learners,Get N8n Hosting & Workflow* ‚ûú https://webspacekit.com/client/link.php?id=134 (Offer Price Expires Soon) *Open AI* ...,2025-07-11T12:01:58Z,https://i.ytimg.com/vi/zSkv2ydB54M/hqdefault.jpg,116828,3405,185
mEnLs_blZhY,UCBX_-ls-dXuhFNSWSXcHrTA,"üé•üìùüé¨ Start creating content: Don&#39;t overthink, just experiment and find your niche!",Koi,"Start creating content: Don't overthink, just experiment and find your niche! #contentcreation #digitalmarketing #creativity ...",2023-04-12T16:41:13Z,https://i.ytimg.com/vi/mEnLs_blZhY/hqdefault.jpg,90255,4929,39
zdA7saD3bHM,UCVOEgyovz-DRK_0F1ryBfxA,üí∞ Don&#39;t waste your Google VEO 3 AI video generation credits.,Adrian Video Image,Don't waste your Google VEO 3 AI video generation credits. The struggle is real when your AI video comes out wonky! Save ...,2025-06-13T06:56:49Z,https://i.ytimg.com/vi/zdA7saD3bHM/hqdefault.jpg,194293,2668,47
ioyg0pYqzlI,UCA-mWX9CvCTVFWRMb9bKc9w,Get Rich with these 5 AI business ideas,Dan Martell,,2023-12-08T22:36:18Z,https://i.ytimg.com/vi/ioyg0pYqzlI/hqdefault.jpg,752199,21362,520
2-8PLKI73SM,UCbhEE3nRPQN_qQV6z__lzBw,AI to generate social media posts #socialmedia #posts #ai,Waqas Sharif Designer,,2023-08-21T06:19:35Z,https://i.ytimg.com/vi/2-8PLKI73SM/hqdefault.jpg,71779,583,4
JrXW_vPSOIc,UCl-Zrl0QhF66lu1aGXaTbfw,"Everyone Is Creating AI Content, But Very Few People Are Reading It",Neil Patel,"Everyone is creating AI content, but very few people are reading it. Check out these stats. Out of 1051 marketers that we surveyed, ...",2024-01-16T15:53:40Z,https://i.ytimg.com/vi/JrXW_vPSOIc/hqdefault.jpg,17831,910,20
_SpyH8wTA-4,UCg5WjzrwxRRUUDf7WHKPzsA,"I Tested 100+ AI Tools, These 9 Will Blow Up Your Content",Kallaway,"Get my free guide on how to make viral videos (1M+ followers, 1B+ views): https://viralityblueprint.com Grow 10x faster on social ...",2025-06-11T13:30:35Z,https://i.ytimg.com/vi/_SpyH8wTA-4/hqdefault.jpg,71488,3285,233
I-r7RsPNUXM,UCKTR1BnK4IYQoemtos-eSSA,I started with UGC!üòç #youtubeshorts #youtube #ytshorts #ugc #content creator #relatable,Ishika Didwania,,2024-08-29T04:26:21Z,https://i.ytimg.com/vi/I-r7RsPNUXM/hqdefault.jpg,208295,2645,33
NnJ1xC-gS3Y,UCWJDuC0Y_OwHNgY-PTQBVcA,AI Creates UGC Videos in Minutes,Automation Labs,"No need to spend $100 to $500 on a couple UGC videos, AI can do it for you for half the price and half the time it takes UGC ...",2025-01-06T16:40:20Z,https://i.ytimg.com/vi/NnJ1xC-gS3Y/hqdefault.jpg,33690,916,10
kjD5qJTLTFQ,UCBobmJyzsJ6Ll7UbfhI4iwQ,Unreal Engine 5.2 Procedural Content Generation framework #shorts,Unreal Engine,,2023-05-25T11:04:32Z,https://i.ytimg.com/vi/kjD5qJTLTFQ/hqdefault.jpg,271125,10745,76
XzvrX7el-R0,UCOEMEjL1GBJ41uCWur5VXWQ,How to Hack Content Creation,GaryVee Video Experience,contentcreation #content #marketing ‚Äî The home of all @garyvee videos All posts by @teamgaryvee ‚ñª Check out my main ...,2023-04-05T22:00:26Z,https://i.ytimg.com/vi/XzvrX7el-R0/hqdefault.jpg,459135,32899,180
uyKPFLA2JcY,UCsQoiOrh7jzKmE8NBofhTnQ,Create an AI Clone of yourself using MISTRAL 7b! credits: @zorothewiz,Varun Mayya,,2023-10-18T16:16:47Z,https://i.ytimg.com/vi/uyKPFLA2JcY/hqdefault.jpg,229311,13183,95
2-z05SEpBMY,UCiV2-et-sIn7zVP8xPp7tWw,üöÄ Supercharge Your Content with 100 Reels Daily at Crayo.ai! üé•‚ú®,PA NEXUS AI,"Transform your reel creation process with Crayo.ai! Simply visit Crayo.ai for a smooth, hassle-free experience. Here's how it ...",2024-06-18T04:12:48Z,https://i.ytimg.com/vi/2-z05SEpBMY/hqdefault.jpg,230909,6797,931
mXt0XePyzwM,UCzi1cAY62PslI1b-4KGVxoQ,How to be a Content Creator,Anthony Gugliotta,My MUSIC: Artlist (2 Months Free): https://bit.ly/3GshKNA Here are 3 things every content creator should do! My Cameras and ...,2022-08-02T15:30:08Z,https://i.ytimg.com/vi/mXt0XePyzwM/hqdefault.jpg,206779,11127,69
JRx1kLymx5U,UCw24xC73pus0Kh2S8Q4qstw,Creating an AI Model from Scratch,UNCOVER AI,"Creating an AI Instagram Model Girl on ComfyUI: Your Guide to an AI Consistent Character! In this exciting tutorial, we'll ...",2024-01-17T09:09:20Z,https://i.ytimg.com/vi/JRx1kLymx5U/hqdefault.jpg,318277,3631,53
z2acD9jh0G4,UC7geKfz2-IH0rsgRBtHTm0g,The top content marketing strategies revealed,Learn With Shopify,Important content marketing tip for your business. SUBSCRIBE to @learnwithshopify to get the knowledge you need to start and ...,2023-03-19T19:32:53Z,https://i.ytimg.com/vi/z2acD9jh0G4/hqdefault.jpg,370452,18413,90
Lvymp3TAeiA,UCowQPGeZ1gnNRxEg4gwakPQ,How to Generate 2000 Leads in Just 10 Min (Free lead generation method) #leads,Md. Yahya Uddin,How to Generate 2000 Leads in Just 10 Minutes with These Top SMS Automation Tools Want to skyrocket your lead generation in ...,2024-08-23T06:15:23Z,https://i.ytimg.com/vi/Lvymp3TAeiA/hqdefault.jpg,195968,2838,38
5FOry7apDjg,UCOEMEjL1GBJ41uCWur5VXWQ,Here&#39;s an Entire Marketing Degree in 11 Seconds #Shorts,GaryVee Video Experience,Things can be simple ‚Ä¶ but big companies continue to not get ‚Äúdeep‚Äù into understanding the nuts and bolts of social ‚Ä¶ so you ...,2021-08-11T17:10:18Z,https://i.ytimg.com/vi/5FOry7apDjg/hqdefault.jpg,2563527,107774,944
AYsg5gAMWyo,UC2ojq-nuP8ceeHqiroeKhBA,I Built the Ultimate UGC Content System with AI Agents (free template),Nate Herk | AI Automation,Full courses + unlimited support: https://www.skool.com/ai-automation-society-plus/about All my FREE resources: ...,2025-11-04T14:32:31Z,https://i.ytimg.com/vi/AYsg5gAMWyo/hqdefault.jpg,36334,1280,241
h9VpWVen_jI,UC0rpxsHBn1j3kBTtKJ_wQjQ,This is how you start CONTENT CREATION!,Hustle With Harman,This is how you start CONTENT CREATION!,2025-06-20T06:00:40Z,https://i.ytimg.com/vi/h9VpWVen_jI/hqdefault.jpg,121784,8811,45
tQ84XYcP-nA,UCdR7eGozLjafYMTd2BFnJaQ,Best AI Video Generators in 2025 (Most Realistic),Youri van Hofwegen,Access the best AI Video Generators in One Platform https://youricreates.com/ai-video-generators In this video I will show you ...,2025-07-22T15:13:00Z,https://i.ytimg.com/vi/tQ84XYcP-nA/hqdefault.jpg,404646,,33
JQjzhbyTBQE,UC51UPs8iqgC6ugVROBcUQEQ,Create an Entire Video with ChatGPT? #invideoAiPartner,Matty McTech,Did you know you can create an entire youtube video or tiktok just using a chatgpt prompt? Invideo ai's VideoMaker allows you to ...,2024-01-25T18:04:29Z,https://i.ytimg.com/vi/JQjzhbyTBQE/hqdefault.jpg,1523143,45454,597
sEyKdLY0hrQ,UChfy6syFcs3WcpXq_70u1XA,How To Make Videos With Leonardo AI and Luma Dream Machine,Chris Cordero,Here's How To Make Videos With Leonardo AI and Luma Dream Machine #shorts #aivideoshorts 1Ô∏è‚É£ Use Leonardo AI and ...,2024-09-07T13:35:47Z,https://i.ytimg.com/vi/sEyKdLY0hrQ/hqdefault.jpg,385193,9882,141
OHYl6e8CdBE,UCZ10LRYBGJBMns4TInEC8QA,How content creation completely changed my life in 90 days,George Alexander,My proven system to skyrocket your audience + personal feedback on your videos! https://zerotocreator.co Start a profitable ...,2025-06-02T11:13:59Z,https://i.ytimg.com/vi/OHYl6e8CdBE/hqdefault.jpg,245762,10789,1412
7CEhMCwDVpE,UCWNfZKYNnk9-JEPeoLMi-2w,5 Insane AI tools to use,Anik Jain,,2025-01-16T16:42:33Z,https://i.ytimg.com/vi/7CEhMCwDVpE/hqdefault.jpg,192324,14451,32
FtOOCeQxzY4,UCnvB3xCvPSyrBAMHgBe3dVw,5 Best AI Tools For Creating Content,Ben Alistor,30 Tips in 30 Days to Build a $25000+ Per Month Offer: https://www.creator-coach.co.uk /30tips/?video=FtOOCeQxzY4 Get Your ...,2025-01-17T17:25:42Z,https://i.ytimg.com/vi/FtOOCeQxzY4/hqdefault.jpg,6091,377,16
lqXWVzWkkyc,UCfCHc_umyx8BasSDvvfkF5g,I Made 700 Monetizable YouTube Shorts for Faceless Channel in 18 MINUTES using AI Automation,AI Genesis,"In this video, I'm REVEALING a Game-Changing UNTAPPED strategy that'll let you effortlessly generate engaging Riddles using ...",2023-09-20T15:05:50Z,https://i.ytimg.com/vi/lqXWVzWkkyc/hqdefault.jpg,5385220,182092,3993
IRDIfsE7Qlw,UCKjWLm7iCyOYINVspCSanjg,AI Content Generation Platform #Thundercontent #ai,Cybrosys Technologies,Connect With Us: ‚Äî‚Äî‚Äî‚Äî‚Äî‚Äî‚Äî‚Äî‚Äî‚Äî‚Äî‚Äî‚Äî ‚û°Ô∏è Website: https://www.cybrosys.com/ ‚û°Ô∏è Email: info@cybrosys.com ...,2023-07-19T14:00:13Z,https://i.ytimg.com/vi/IRDIfsE7Qlw/hqdefault.jpg,217,8,0
AFpIixxSFjo,UCY6N8zZhs2V7gNTUxPuKWoQ,Content Creation Has CHANGED My Life in 4 years | Ishan Sharma,Ishan Sharma,"Check out HubSpot's ""Using Generative AI to Scale Your Content Operations"" Guide: https://clickhubspot.com/vdn3 This is going ...",2024-08-02T13:58:12Z,https://i.ytimg.com/vi/AFpIixxSFjo/hqdefault.jpg,407221,15834,423
GiI7FNoPaHI,UCpY8Ct4p-ThbDU67uP_942A,Top AI Video Generators 2025 üé• Ranked! #aivideo #texttovideo #aitools #artificialintelligence #aiart,Matt Farmer AI,,2025-02-24T02:02:05Z,https://i.ytimg.com/vi/GiI7FNoPaHI/hqdefault.jpg,130827,3232,69
00obLp8vowQ,UCpWT_QfKk7BJIpn709YgsYA,How to Automate Social Media Posts with AI | Save Time &amp; Boost Engagement!,Website Learners,LIMITED TIME: Get 1 Year of GravityWrite at $97 Visit ‚ûú https://gravitywrite.com/ ‚ù§Ô∏è *Start here* ...,2025-01-01T11:00:00Z,https://i.ytimg.com/vi/00obLp8vowQ/hqdefault.jpg,211055,5725,397
00obLp8vowQ,UCpWT_QfKk7BJIpn709YgsYA,How to Automate Social Media Posts with AI | Save Time &amp; Boost Engagement!,Website Learners,LIMITED TIME: Get 1 Year of GravityWrite at $97 Visit ‚ûú https://gravitywrite.com/ ‚ù§Ô∏è *Start here* ...,2025-01-01T11:00:00Z,https://i.ytimg.com/vi/00obLp8vowQ/hqdefault.jpg,211055,5725,397
egnUJMZ4WpY,UC6TWKoCk8pE4k-VW93BvQig,GravityWrite | AI Tools | AI Content Generation - Create any Type of Content,The Knowledge Academy,"In this video on ""GravityWrite | AI Tools | AI Content Generation - Create any Type of Content,"" we delve into how GravityWrite is ...",2024-08-07T11:45:03Z,https://i.ytimg.com/vi/egnUJMZ4WpY/hqdefault.jpg,1352,24,0
Ttrpzh0Nsd8,UCNunXED0lJH200WczyxcW4g,Content Idea Generation Workflow in N8N (No Coding Needed),Vibe Marketing With Vibelets,I created an automation for content idea generation using N8N. Watch as I set up a no-code AI workflow that instantly generates ...,2025-10-24T10:38:42Z,https://i.ytimg.com/vi/Ttrpzh0Nsd8/hqdefault.jpg,54,3,0
EPQsdkeWI0Y,UCBX_-ls-dXuhFNSWSXcHrTA,The Gen Z Job Crisis is Unreal,Koi,"Learn how content creation can boost your salary, check out our FREE tool on how to find a profitable niche that matches your ...",2025-09-20T16:26:58Z,https://i.ytimg.com/vi/EPQsdkeWI0Y/hqdefault.jpg,67880,3118,453
NwmOgc0fo8s,UC-b3c7kxa5vU-bnmaROgvog,6 Steps To Increase Lead Generation GUARANTEED (Free Framework Included),The Futur,"Join our Futur Pro Community to get access to Chris, lessons, and trainings just like this to scale your creative business: ...",2024-03-26T14:00:24Z,https://i.ytimg.com/vi/NwmOgc0fo8s/hqdefault.jpg,51974,1901,46
IXubOFoXesA,UCKbY8cRpQsRQ5RBHJ7I8GFw,AI for learning content generation,SpecTraining,We can't talk about the development of learning materials without looking at the huge impact that artificial intelligence has had.,2025-01-22T04:30:39Z,https://i.ytimg.com/vi/IXubOFoXesA/hqdefault.jpg,395,13,0
F17W3e04fY0,UCPEZnYBqewx-h43B5tLymYw,Social Media Lead Generation: 5 Steps To Converting Likes &amp; Comments Into Leads,Alex Cattoni,Social Media Marketing For MASSIVE Lead Generation Get My Clickworthy Captions & CTAs Cheatsheet ...,2021-07-28T16:00:17Z,https://i.ytimg.com/vi/F17W3e04fY0/hqdefault.jpg,28714,1331,143
aotVfatVbaM,UC7qkelRtMF43xahoaLU-qlg,Dynamic Content Generation through Generative AI,Dhara Khatri,Discover how Generative AI is transforming the world of marketing! This video explains how brands use AI to automatically create ...,2025-10-27T07:45:16Z,https://i.ytimg.com/vi/aotVfatVbaM/hqdefault.jpg,13,2,0
KWx4_PNyZ3c,UCxXvigD355ALunI2mg8VU0Q,I Just Found a NEW and FREE AI Video Generator for Long-Form Video,How To In 5 Minutes,FREE NEW AI Video Generator: Let's Create AI Videos with MovieFlow* MovieFlow AI is a free AI video generator that allows ...,2025-10-30T16:15:01Z,https://i.ytimg.com/vi/KWx4_PNyZ3c/hqdefault.jpg,95228,2239,338
8dK1XBmGUHg,UCzwCEE_PchiBULMnAJqhGVg,Future of Content Creation | Ft @BBKiVines | Raj Shamani #shorts,Raj Shamani,Watch the podcast here: https://youtu.be/33JucC6dcRg.,2023-01-05T13:00:08Z,https://i.ytimg.com/vi/8dK1XBmGUHg/hqdefault.jpg,507924,20877,32
-POwgollFeY,UCCa794oAhys-HzkqdfmnjdQ,How does procedural generation work? | Bitwise,DigiDigger,"I'm a professional programmer who works on games, web and VR/AR applications. With my videos I like to share the wonderful ...",2020-01-29T19:46:14Z,https://i.ytimg.com/vi/-POwgollFeY/hqdefault.jpg,426260,26058,801
5UlXLHHHpPM,UC7geKfz2-IH0rsgRBtHTm0g,"7 AI Tools to save you time, money &amp; run your business",Learn With Shopify,Powerful AI productivity tools that can help you run your business. -- FREE SHOPIFY TRIAL -- Build your business using a FREE ...,2023-06-05T13:52:06Z,https://i.ytimg.com/vi/5UlXLHHHpPM/hqdefault.jpg,1188714,98636,514
Yf9oBOgAbmE,UChYHKRass0kZvBkVKQuZElQ,how to make content the easy way (with AI),Matt Gray,Get my YouTube Video OS - The Killer AI System: https://fos.now/yt-gd-discover-killer-ai-youtube-video-os-1 Want to SCALE your ...,2025-09-02T13:14:45Z,https://i.ytimg.com/vi/Yf9oBOgAbmE/hqdefault.jpg,17602,665,59
ZjerqaTgIe8,UCdOPzgbosSnbfwd9-iXP2NA,How to Create Consistent Content on Social Media (100 posts in 10 minutes - NO ChatGPT),Vanessa Lau,Get started on Notion for FREE and start using Notion AI ‚Üí https://ntn.so/VanessaLau2 Instagram Content Planner Template ...,2025-03-03T14:00:42Z,https://i.ytimg.com/vi/ZjerqaTgIe8/hqdefault.jpg,106166,4651,252
1v3WDkBNFAs,UC1FR32aMmGVKNhIxRTGgOpQ,My Top 5 Tools For Content Creation ü§≥üèª #ashortaday #shorts,Alfiya Karim Khan,,2023-06-06T16:18:50Z,https://i.ytimg.com/vi/1v3WDkBNFAs/hqdefault.jpg,292849,16137,158
_4DtmRcTbhk,UCQG40havu4kNpB4pxUDQhYQ,The Problem With Procedural Generation,Acerola,The first 500 people to use my link will get a 1 month free trial of Skillshare: https://skl.sh/acerola11241 ! #ad Procedural ...,2024-11-30T15:12:27Z,https://i.ytimg.com/vi/_4DtmRcTbhk/hqdefault.jpg,388891,25360,1348
aCt182cqWO8,UC7geKfz2-IH0rsgRBtHTm0g,Proven TikTok Ad Formula To Make Money,Learn With Shopify,How to create succesful organic ads on TikTok. SUBSCRIBE to @learnwithshopify to get the knowledge you need to start and ...,2023-03-31T18:51:06Z,https://i.ytimg.com/vi/aCt182cqWO8/hqdefault.jpg,80885,3918,22
Z1xV3N9_-8E,UCFFCa4tMjhj9g_xKlvqFWxg,How to Make Viral UGC Ads 100% Using AI in 2025,Sam Piliero,How to Make Viral UGC Ads 100% Using AI in 2025 Arcads Link: https://arcads.ai/?via=sam Apply to work with me: ...,2025-04-22T12:01:07Z,https://i.ytimg.com/vi/Z1xV3N9_-8E/hqdefault.jpg,150834,4964,192
7JXCoq9QAqI,UCOEMEjL1GBJ41uCWur5VXWQ,How To Make Content That Stands Out in the Noisy Social Media Landscape #Shorts,GaryVee Video Experience,"""Keep grinding, keep going, stay patient."" - @garyvee #Shorts #garyvee #socialmedia #advice ‚Äî ‚ñª Check out my main YouTube ...",2021-06-29T17:58:56Z,https://i.ytimg.com/vi/7JXCoq9QAqI/hqdefault.jpg,234202,11800,130
Ag8q5vACaLA,UC4zyMdFPl2uOPQLfY2p3xrQ,ü§ñ Do AI Videos Really MONETIZE? | AI Video Generation Secrets üí∞ | Ritika AI,Learn AI with Ritika,"AI Video MONETIZE hoga ya nahi? For partnerships or inquiries, connect with us at ritikaaghi@gmail.com Join our Instagram ...",2025-03-23T08:00:07Z,https://i.ytimg.com/vi/Ag8q5vACaLA/hqdefault.jpg,148714,4046,652
Fu86B_bs7SU,UCgxMiiBKk-xYskc2KNLiBTg,20 Shorts In 20 Min with AI #invideo #aitools,InVideo For Content Creators,,2024-01-20T15:52:48Z,https://i.ytimg.com/vi/Fu86B_bs7SU/hqdefault.jpg,812005,21210,234
aoCGLW53fZg,UCBobmJyzsJ6Ll7UbfhI4iwQ,Procedural Content Generation in UE5 |  GDC 2023,Unreal Engine,"Watch the recording of our presentation 'Procedural Content Generation in UE5', originally shown at our booth at GDC 2023.",2023-04-17T22:26:42Z,https://i.ytimg.com/vi/aoCGLW53fZg/hqdefault.jpg,90135,2357,103
ROmtgqTefAw,UClXAalunTPaX1YV185DWUeg,Google&#39;s SECRET 7 AI Tools Just DESTROYED ChatGPT (100% FREE Stack),Vaibhav Sisinty,"Subscribe to our Newsletter! Get the latest AI updates, tips, and insights straight to your inbox: https://dub.link/staying-ahead ...",2025-11-12T13:51:26Z,https://i.ytimg.com/vi/ROmtgqTefAw/hqdefault.jpg,137709,7112,507
ya_JdOHE1L8,UCnQIINHNIeTqj5av9CQkBfQ,Unreal Engine 5.6 PCG Tutorial Complete Beginner Guide to Procedural Content Generation,Multimedia Learning Solution,"elcome to this Unreal Engine 5.6 tutorial where I explain PCG (Procedural Content Generation) from scratch! In this video, you'll ...",2025-10-19T02:38:05Z,https://i.ytimg.com/vi/ya_JdOHE1L8/hqdefault.jpg,485,6,1
QmLMjScRjqc,UCpWT_QfKk7BJIpn709YgsYA,How I &quot;Humanize&quot; ChatGPT AI Content (100% Working) ‚úÖ,Website Learners,LIMITED TIME: Get *1 Year* of GravityWrite at $97 Visit ‚ûú https://app.gravitywrite.com/rewrite-article *Originality AI* ...,2024-12-16T11:00:25Z,https://i.ytimg.com/vi/QmLMjScRjqc/hqdefault.jpg,175818,2755,124
u2Tuu02r7QI,UC2ojq-nuP8ceeHqiroeKhBA,Build this Multi AI Agent System for Research and Content Creation in n8n,Nate Herk | AI Automation,Join my free Skool community for access to the workflow seen in this video! https://www.skool.com/ai-automation-society/about ...,2024-12-03T03:00:00Z,https://i.ytimg.com/vi/u2Tuu02r7QI/hqdefault.jpg,44954,980,34
rlZi-5MGDwI,UCVvqFjZpboPdi1Rw15sHT9A,I Built a Lead Generation AI Agent with No-Code on Make.com,Lobo Brothers  - Ai Automation Experts,Want This Automation? We've included this exact Lead Generation AI Agent inside our Inner Circle Community. Join here ...,2025-10-24T22:36:23Z,https://i.ytimg.com/vi/rlZi-5MGDwI/hqdefault.jpg,449,6,3
KnKLGJQBdb4,UCXN2nYjVT0cR9G61RPEzK5Q,TUM AI Lecture Series - Controllable Content Generation without Direct Supervision (Niloy Mitra),Matthias Niessner,,2020-12-05T06:07:25Z,https://i.ytimg.com/vi/KnKLGJQBdb4/hqdefault.jpg,1149,22,0
HrbLgHT_glI,UC3Ws1dfgZUVDQ9yTn8pgX9A,Top AI Tools for Content Creators,Ben Kaluza,,2025-04-16T21:45:22Z,https://i.ytimg.com/vi/HrbLgHT_glI/hqdefault.jpg,8404,364,16
a1pEjS-sWG0,UCugfZrsRFwE32HcHcLbUTAQ,üìß Introducing Show AI: Revolutionise Your Email Content Generation with Show! üöÄ,Animaker,Are you tired of spending countless hours crafting engaging and persuasive email content? Say goodbye to writer's block and ...,2023-06-08T14:31:30Z,https://i.ytimg.com/vi/a1pEjS-sWG0/hqdefault.jpg,4120,25,5
tAuP_rzuRjk,UCJS_Z3kUoQoEFFiuH1TJ19Q,Learning Digital Marketing Course (Free VS Institute) | Best Digital Marketing Course in Faridabad,Gourav Digital Club,Meet our GDCians @gouravdigitalclub they all are happy with their decision to join #gouravdigitalclub. You can also be a part by ...,2022-08-03T10:53:08Z,https://i.ytimg.com/vi/tAuP_rzuRjk/hqdefault.jpg,1659167,26328,120
c7R94ykz0po,UCnGPmAcR-LCVm_TPxQ633Xw,AI Videos in 2025 Are Getting Crazy! Google Veo 3 TUTORIAL!,Grow With Kaz,The Best AI video Generator better than Veo 3(Check out the new video) - https://shorturl.at/1s4Pn ‚úì‚úì   Try Winxvideo AI to ...,2025-05-26T08:44:01Z,https://i.ytimg.com/vi/c7R94ykz0po/hqdefault.jpg,817358,10097,953
Ilbpt-qD4SU,UCl-Zrl0QhF66lu1aGXaTbfw,Does Google Care If AI Writes All Your Content?,Neil Patel,,2023-04-21T21:15:00Z,https://i.ytimg.com/vi/Ilbpt-qD4SU/hqdefault.jpg,122140,5811,137
zqsyqm0vVQA,UCuasRuWliU48RwnKXf9GesA,Best AI Tools for Content Creation in 2025,Elegant Themes,AI content creation tools are AI-powered software applications that streamline the process of creating various types of content (text ...,2024-11-18T16:26:42Z,https://i.ytimg.com/vi/zqsyqm0vVQA/hqdefault.jpg,7241,136,6
kNj0qcc6Fpg,UCeW36gQMcc35HeVqPfAjgtw,CoG 2021: Adversarial Reinforcement Learning for Procedural Content Generation,SEED ‚Äì Electronic Arts,This research paper was presented at the IEEE Conference on Games 2021. Download the paper here: ...,2021-08-24T17:17:11Z,https://i.ytimg.com/vi/kNj0qcc6Fpg/hqdefault.jpg,2820,69,1
SM2HUvKXB4g,UC3CBQLyxiC35oxJPoufLnMQ,ChatGPT Plus Vs Perplexity Pro AI Image Generation,Gizmo Rush,chatgpt #perplexity #chatgptplus #perplexitypro #perplexityai #shortsfeed #youtubeshorts #viralshorts #trendingshorts #foryou.,2025-08-11T15:36:00Z,https://i.ytimg.com/vi/SM2HUvKXB4g/hqdefault.jpg,385475,2266,111
UMNqkiwAuoE,UCyxlxlNbvEhLCanBlZkOM6g,How to start affiliate marketing without showing your face,Jacob Mitchell,,2022-07-21T18:53:49Z,https://i.ytimg.com/vi/UMNqkiwAuoE/hqdefault.jpg,216322,18953,141
RTzrOHMKgV8,UCsQiYDzi0UtpdDIe7_DpcLw,Is It Still Worth Starting A SMMA in 2025? ü§î,Jordan Platten,Main Channel: www.youtube.com/jordanplatten #shorts #jordanplatten. FREE Agency Owners Community: ...,2023-02-04T09:00:13Z,https://i.ytimg.com/vi/RTzrOHMKgV8/hqdefault.jpg,113182,4838,49
7aSDVYFIGOE,UC8iN8jdZISR6W6gVOgcebPA,How to make a social media strategy üíªüî• (from a social media manager who does this for a living),Ellen Mackenzie | Dishing up Digital,,2023-02-27T08:19:23Z,https://i.ytimg.com/vi/7aSDVYFIGOE/hqdefault.jpg,204624,8340,59
VSp7fX25nOM,UCpMtKD8YJQMC3SL4WEg7MEw,üî• AI Text to Video Generation in Telugu #shortsfeed #shorts,Anil Raju's VFX,AI #TextToVideo #AITelugu #GoogleVeo Experience the power of AI Text to Video Generation in Telugu! Watch how simple ...,2025-08-17T04:56:57Z,https://i.ytimg.com/vi/VSp7fX25nOM/hqdefault.jpg,94779,902,6
a6RPmn2hn3Q,UCzLKhm3ZKqg6YX28n1MkR7A,Create AMAZING Geography Videos with FREE AI Tools ONLY!,BigStepsMedia,Build Your First Profitable Channel - https://www.skool.com/scalable-creator-os-4776 Try HERA here ...,2025-03-06T00:46:19Z,https://i.ytimg.com/vi/a6RPmn2hn3Q/hqdefault.jpg,461260,21053,1030
N4GWWbh-wFc,UCjKrNkubPtFWkaB0smJBF8Q,"Best Affiliate Marketing Programs to Make $1,000 for Beginners 2021",Ecom Kong,Free eBook https://simple15daychallenge.com/ebook These are the best affiliate marketing programs for beginners to make ...,2021-09-06T00:30:05Z,https://i.ytimg.com/vi/N4GWWbh-wFc/hqdefault.jpg,585608,13977,182
GoFwNOvmnAI,UCYa1WtI-vb_bx-anHdmpNfA,"AI-Powered Tools for Content Generation and Analysis: Firefly, Audino",NPTEL-NOC IITM,"AI-Powered Tools for Content Generation and Analysis: Firefly, Audino ""AI-powered text-to-image tools: Firefly, Canva AI, Stable ...",2025-03-20T06:52:20Z,https://i.ytimg.com/vi/GoFwNOvmnAI/hqdefault.jpg,536,1,0
ONWYrUjsSgw,UCx-zRJR97R9kqrp4xTATD4g,The Best Content Creation Camera! (Sony ZV-E1),andyescapes,Full review on my YT! #shorts #sony #camera.,2023-03-29T14:02:45Z,https://i.ytimg.com/vi/ONWYrUjsSgw/hqdefault.jpg,421776,16593,209
x6z8-ZAXfHE,UC-b3c7kxa5vU-bnmaROgvog,"Why Most Creatives Fail Online: Strategies for Lead Generation, SEO, and Content",The Futur,"SEO for Creatives: Strategies for Lead Generation, Keywords & Content Creation Are you struggling to attract the right clients and ...",2024-02-22T14:00:51Z,https://i.ytimg.com/vi/x6z8-ZAXfHE/hqdefault.jpg,163711,5486,506
oZ18-kMrmKw,UCDVt6xCSRx3dqr_SGgc1hng,Alex Hormozi&#39;s Lead Generation Strategy for 2025,Instantly,"Use Instantly Today To Get 10x your leads, meetings and deals: ...",2025-04-03T13:01:15Z,https://i.ytimg.com/vi/oZ18-kMrmKw/hqdefault.jpg,226062,5578,256
FNcj8zqeX1M,UCsQoiOrh7jzKmE8NBofhTnQ,I Can Completely Replace Myself With AI üò±,Varun Mayya,,2023-04-04T14:18:37Z,https://i.ytimg.com/vi/FNcj8zqeX1M/hqdefault.jpg,371879,31078,312
MxeJh2Asigg,UCoiLPC6AQHmJNSwdN1xmuWA,An introduction to graph rewriting for procedural content generation,The Shaggy Dev,"Graph rewriting is a great way to generate interesting procedural content for games, suitable for generating both grid-based and ...",2022-11-21T14:30:04Z,https://i.ytimg.com/vi/MxeJh2Asigg/hqdefault.jpg,43469,2177,45
U6Po3P2vuRI,UCN3tZfcySn-VVeSRdGFIYOA,I Built an AI Content MACHINE For Business Owners (full template),Jason Cooperson,"Get The Poppy Template Here: https://start.getpoppy.ai/jason--vtoO (When you sign up, you'll get the template pre-loaded in right ...",2025-03-02T17:20:20Z,https://i.ytimg.com/vi/U6Po3P2vuRI/hqdefault.jpg,3880,210,30
brgJkKBa-Cc,UCknjeUbo-Yr_-UmsqLurykQ,AI Content Generation Revolution: A Glimpse into SEOs Future,Mark A Preston (Customer Growth),AI Madness in SEO: Embark on an insightful journey with Mark A Preston and Rand Fishkin as they unravel the frenzy around AI ...,2023-10-08T14:00:22Z,https://i.ytimg.com/vi/brgJkKBa-Cc/hqdefault.jpg,16,0,0
var1Y2YgriE,UCIGEBB32IQdzLOhEtlSP06g,How To Monetize a Facebook Page,Chase Chappell,shorts Here is how to monetize your Facebook page. Join Chase Chappell's inner circle: ...,2021-03-25T15:00:15Z,https://i.ytimg.com/vi/var1Y2YgriE/hqdefault.jpg,439777,4942,95
HXfOF9kKvYs,UC7tOqqSbVzQ8Iyt2zIHNVJA,Avalara Content Generation for POS Demo,Avalara,"In this demo, you'll see how Avalara Content Generation for POS provides your system with the sales tax information required to ...",2021-10-04T21:43:05Z,https://i.ytimg.com/vi/HXfOF9kKvYs/hqdefault.jpg,2035,9,0
QgWYB_wd5Jk,UC2Jl-LpV_J8l-az2GNG3VUQ,How to Make Viral AI Videos using AI Video Generator | Text to Video AI Generator,Ai Lockup,How to Make Viral AI Videos using AI Video Generator Text to Video AI Generator. Do you want to create viral video using AI video ...,2025-04-06T18:28:27Z,https://i.ytimg.com/vi/QgWYB_wd5Jk/hqdefault.jpg,264786,3734,112
kUm1jSSLqhs,UCPyA0XmU6aS4JCwVoIBTmIQ,Design metaphors for procedural content generation in games,Association for Computing Machinery (ACM),"Full Title: Design metaphors for procedural content generation in games Authors: Rilla Khaled, Mark J. Nelson, Pippin Barr ...",2013-06-05T20:40:53Z,https://i.ytimg.com/vi/kUm1jSSLqhs/hqdefault.jpg,1454,3,1
wQCRZlbLgY4,UCctXZhXmG-kf3tlIXgVZUlw,The future of AI,GaryVee,When voice and ai hit scale ‚Ä¶ shits gonna get interesting‚Ä¶ ‚Äî Thanks for watching! Join My Discord!,2023-05-09T03:00:22Z,https://i.ytimg.com/vi/wQCRZlbLgY4/hqdefault.jpg,3033197,106111,1583
egnUJMZ4WpY,UC6TWKoCk8pE4k-VW93BvQig,GravityWrite | AI Tools | AI Content Generation - Create any Type of Content,The Knowledge Academy,"In this video on ""GravityWrite | AI Tools | AI Content Generation - Create any Type of Content,"" we delve into how GravityWrite is ...",2024-08-07T11:45:03Z,https://i.ytimg.com/vi/egnUJMZ4WpY/hqdefault.jpg,1352,24,0
77stH_H0a6M,UCYa1WtI-vb_bx-anHdmpNfA,AI-Powered Tools for Content Generation and Analysis: Kyron,NPTEL-NOC IITM,"AI-Powered Tools for Content Generation and Analysis: Kyron ""Introduction to Kyron: AI-driven hiring and learning platform Kyron ...",2025-03-20T06:51:14Z,https://i.ytimg.com/vi/77stH_H0a6M/hqdefault.jpg,526,5,0
AZ-yERum_1Q,UCmixX5zgZwceUEx-I63_4Lw,"Iman Gadzhi make $40,000/month from Affiliate Marketing",Iman Gadzhi Motivation,shorts #imangadzhi IG: @imangadzhi TikTok : @realimangadzhi Twitter : @gadzhiIman.,2022-09-18T15:00:09Z,https://i.ytimg.com/vi/AZ-yERum_1Q/hqdefault.jpg,514488,19901,109
CbAQUqnrDcA,UCp-7QbSD2_43U9rEiacvrkw,What is Retrieval Augmented Generation (RAG) ? Simplified Explanation,GetDevOpsReady,"Learn what Retrieval Augmented Generation (RAG) is and how it combines retrieval and generation to create accurate, ...",2025-01-23T14:30:05Z,https://i.ytimg.com/vi/CbAQUqnrDcA/hqdefault.jpg,398143,6942,87
Ttrpzh0Nsd8,UCNunXED0lJH200WczyxcW4g,Content Idea Generation Workflow in N8N (No Coding Needed),Vibe Marketing With Vibelets,I created an automation for content idea generation using N8N. Watch as I set up a no-code AI workflow that instantly generates ...,2025-10-24T10:38:42Z,https://i.ytimg.com/vi/Ttrpzh0Nsd8/hqdefault.jpg,54,3,0
0GW2r7TRD0I,UC6YjT1TJaANveVGQ4vl1CIg,I Tried Affiliate Marketing #Shorts,Jenny Hoyos,I Tried Affiliate Marketing... SUPPORT THE CHANNEL: Webull (FREE Stock Up to $1200): ...,2022-04-26T00:06:16Z,https://i.ytimg.com/vi/0GW2r7TRD0I/hqdefault.jpg,3528857,135017,980
ayym5-IFWmU,UCfWylC5MsC-ybz9vPdii0ig,AI Content Generation Platforms Pricing Explained  What You Get for Your Money,Want for Search,AI Content Generation Platforms Pricing Explained What You Get for Your Money nan.,2025-11-17T02:06:13Z,https://i.ytimg.com/vi/ayym5-IFWmU/hqdefault.jpg,0,0,0
vgCbN_7Qwg0,UCwvaQ_T2IyOvNeMBchvhFlw,Why first generation lawyers are becoming content creators,LawSikho,"For career counseling, CONTACT experts of LawSikho: 98186-78383 ‚û°Ô∏èTo upskill yourself, check out and enroll in professional ...",2023-07-03T07:52:55Z,https://i.ytimg.com/vi/vgCbN_7Qwg0/hqdefault.jpg,1312,37,1
IXYra9Bro60,UCVeuau7DLrg7zlAjxxDbdww,AI Content Creation: 4 Easy Tools to Speed up Your Creative Process,HubSpot Marketing,Supercharge Your Content Creation with AI Magic! https://clickhubspot.com/puq Are you ready to unlock the secrets of ...,2023-10-23T13:56:31Z,https://i.ytimg.com/vi/IXYra9Bro60/hqdefault.jpg,12072,303,8
5gtn7hiZmIY,UCMkyqr9NHL1yiTOHR45n9mA,WHY MOST PEOPLE QUIT CONTENT CREATION üé¨ #shorts #viralshorts,Sam Eye Am,"Why do most people quit content creation? Watch this video to find out! Content, Filming, Filming setup, Automation, #shorts ...",2025-11-21T23:38:58Z,https://i.ytimg.com/vi/5gtn7hiZmIY/hqdefault.jpg,1961,34,1
DOXF9fxzz5g,UCpMtKD8YJQMC3SL4WEg7MEw,üí• AI Magic - Google Veo 3 Text to Video Generation in Telugu #shortsfeed #shorts,Anil Raju's VFX,ai #shortvideo AI Magic - Google Veo 3 Text to Video Generation in Telugu | #shortsfeed #shorts Experience the power of AI ...,2025-07-17T06:51:54Z,https://i.ytimg.com/vi/DOXF9fxzz5g/hqdefault.jpg,127424,1699,9
DrO8PWg7Nu8,UCZ6OJz8yz0sMwoFTVXfbrqw,The most perfect storytelling technique‚Ä¶,It's JC!,,2022-07-05T21:22:21Z,https://i.ytimg.com/vi/DrO8PWg7Nu8/hqdefault.jpg,235534,8023,230
YAocVkWyHIA,UCAm_DFOoK0uXb4CF6xIcNdw,How to sell digital products for free,Make with Max,,2023-02-20T20:16:40Z,https://i.ytimg.com/vi/YAocVkWyHIA/hqdefault.jpg,325873,8335,90
bn2pA39u7Os,UCs26XZBwrSZLiTEH8wcoVXw,"Content, Rankings, and Lead Generation: A Breakdown of the 1% Content Strategy- by Andy Crestodina",Moz,Download Andy's presentation ‚ñª https://mz.cm/353DfUt How can you use data to find and update content for higher rankings and ...,2020-11-11T16:30:03Z,https://i.ytimg.com/vi/bn2pA39u7Os/hqdefault.jpg,1077,47,5
DDJdaPhOroQ,UCBobmJyzsJ6Ll7UbfhI4iwQ,Procedural Content Generation for Entertainment Venue Design | Unreal Fest Stockholm 2025,Unreal Engine,This session recorded at Unreal Fest Stockholm explores procedural content generation (PCG) techniques for large-scale ...,2025-10-30T14:00:31Z,https://i.ytimg.com/vi/DDJdaPhOroQ/hqdefault.jpg,3525,131,6
nD7PeCgnCH0,UC7tOqqSbVzQ8Iyt2zIHNVJA,Avalara Content Generation for POS,Avalara,Improve content delivery for your POS systems to stay up to date and get sales tax right. Get more accurate content for your ...,2021-09-24T16:54:43Z,https://i.ytimg.com/vi/nD7PeCgnCH0/hqdefault.jpg,1134,16,0
Gaebrwp5kNU,UCdVU9D4nV85qYZOpsxCEynw,How to  Automate Content Generation and Content Generation management with Wordpress,Mozart,AI-Powered Automation with n8n: Boost Productivity & Intelligence . Learn how to automate tasks using n8n‚Äîfrom local AI setup ...,2025-11-21T14:49:31Z,https://i.ytimg.com/vi/Gaebrwp5kNU/hqdefault.jpg,3,0,0
GwycXOnZwRA,UCEfEi-IMiB87UsxY3765P6w,ShapeCanvas: An Exploration of Shape-Changing Content Generation by Members of the Public,ACM SIGCHI,"ShapeCanvas: An Exploration of Shape-Changing Content Generation by Members of the Public Aluna Everitt, Faisal Taher, ...",2016-04-25T16:53:43Z,https://i.ytimg.com/vi/GwycXOnZwRA/hqdefault.jpg,823,3,0
mDaBsbdLsMQ,UCO4Nw0vUpxgb0zsziJ1SaMg,Creating Content Just Got EASIER (NEW iPhone 17 Camera Feature),Justin Brown - Primal Video,"In this iPhone 17 Camera test, I share my favorite new feature for shooting professional-looking video, so you can create amazing ...",2025-11-04T04:00:48Z,https://i.ytimg.com/vi/mDaBsbdLsMQ/hqdefault.jpg,3119,207,26
XZNlrupWk4s,UCqD-Jh_7cmX33jB4ivPMBcA,üè† real estate lead generation üöÄ social media marketing ‚ú®shorts #shorts #realestatemarketing #dubai,BehomesTech,real estate marketing tips social media lead generation shorts #shorts #realestatemarketing #dubai @realtoronaharley.,2023-08-31T18:29:14Z,https://i.ytimg.com/vi/XZNlrupWk4s/hqdefault.jpg,52272,779,23
IXubOFoXesA,UCKbY8cRpQsRQ5RBHJ7I8GFw,AI for learning content generation,SpecTraining,We can't talk about the development of learning materials without looking at the huge impact that artificial intelligence has had.,2025-01-22T04:30:39Z,https://i.ytimg.com/vi/IXubOFoXesA/hqdefault.jpg,395,13,0
_wz38SqglUw,UCMRa34kXMAfyNv143SfKepA,LinkedIn Content Ideas #linkedintips #careertips #meharsindhubatra,Mehar Sindhu Batra,,2022-08-19T12:27:46Z,https://i.ytimg.com/vi/_wz38SqglUw/hqdefault.jpg,186006,4452,10
QcWvN4-JQYs,UCDKld-eQhipWTywkyjVsv8g,"Same GENERATION, different MINDSET!üèèüî•#shorts #cricketcardio #ccarmy",Cricket Cardio,,2025-08-25T12:54:36Z,https://i.ytimg.com/vi/QcWvN4-JQYs/hqdefault.jpg,1143553,34802,264
R2J67k2Z6WU,UC-b3c7kxa5vU-bnmaROgvog,Linkedin Lead Generation Strategy That Works in 2025 @thejasminalic‚Äã,The Futur,Join this channel to get access to perks: https://www.youtube.com/channel/UC-b3c7kxa5vU-bnmaROgvog/join How To Get ...,2025-09-11T10:00:48Z,https://i.ytimg.com/vi/R2J67k2Z6WU/hqdefault.jpg,31686,1122,305
s5RoKsmp0g8,UC0_QNO8Fuhfog5bzyzk71vw,Content Writing - Literally Everything You Need to Know | @Hey.Shubhshree | Hindi,Shubhshree,"Hi, I'm Shubhshree, a self-published author and a content creator sharing practical tips on writing, personal growth, content ...",2023-03-13T04:00:31Z,https://i.ytimg.com/vi/s5RoKsmp0g8/hqdefault.jpg,648302,,234
JVITJc5Rj8Y,UC0GpuO2aEbGMG8N0iLE9_TA,Interactive Crowd Content Generation and Analysis using Trajectory-level Behavior Learning,GAMMA UMD,We present an interactive approach for analyzing crowd videos and generating content for multimedia applications.,2015-09-29T01:44:25Z,https://i.ytimg.com/vi/JVITJc5Rj8Y/hqdefault.jpg,1707,14,3
JYxg2LS0j3Q,UCzC5xCGSO7FcV0s0xJeoEpw,How To Become a Social Media Manager With No Experience üî•,Bradley Riley,,2022-06-22T16:06:56Z,https://i.ytimg.com/vi/JYxg2LS0j3Q/hqdefault.jpg,101280,6861,43
6sUOrdcB70o,UCua7Ob5a9ml9qsyTIhu-YGA,How to Configure AI Model Settings for Website Content Generation,MultiLipi,"The power of MultiLipi lies in its advanced AI engine. In this video, we show you how to access and configure the AI Model ...",2025-11-20T08:00:44Z,https://i.ytimg.com/vi/6sUOrdcB70o/hqdefault.jpg,0,0,0
OR3zSzDuvlc,UCi1BkzqiwN5wChnvt20uBWQ,AI Video Generation ‚Äì The Future is Here: How To Create Videos with AI,SystemDR - Scalable System Design ,In this video we take you inside how AI video generation technology works and why it's the future of content creation. You'll learn ...,2025-11-14T06:33:22Z,https://i.ytimg.com/vi/OR3zSzDuvlc/hqdefault.jpg,7,0,0
X_IOUV87bAM,UCZgKk2UN8e7CDBrDa7VfGLQ,Digital Marketing Salary in India #shorts,Unschool,Word on the street is that the digital marketing industry is growing at whopping rates. It offers high-paying digital marketing salary ...,2022-03-28T13:06:03Z,https://i.ytimg.com/vi/X_IOUV87bAM/hqdefault.jpg,986678,18090,252
0DB9FQ8WqPY,UCa-eSrRfQHLX-OL4G2NxS2Q,Elon Musk Unveils Grok AI‚Äôs New Talking Videos and Enhanced Image Generation in Early Beta,VARINDIA,,2025-09-08T14:30:01Z,https://i.ytimg.com/vi/0DB9FQ8WqPY/hqdefault.jpg,198,1,0
1MQ5ozIvgzE,UCdNj_PP__5kKtjZabuEjbqA,I Tried EVERY AI Video Generator (Here&#39;s What Each Does Best),Dan Kieft,Learn what the Best AI Video Generator is for your AI video project Get All AI Video Generators in ONE platform ...,2025-08-12T17:12:56Z,https://i.ytimg.com/vi/1MQ5ozIvgzE/hqdefault.jpg,245160,,82
aLkZVv_vyes,UCeNZ75tFE5I8o1yi35KAq0g,3 Tools For Content Writers,Digital Scholar,Want to up your content writing game? Check out these 3 tools every content writer needs in their toolkit! First and foremost ...,2023-03-20T07:30:31Z,https://i.ytimg.com/vi/aLkZVv_vyes/hqdefault.jpg,453994,30091,52
_KcZp4nIvUY,UCUjO3C37ScQ24FU2wLRNUcw,Midjourney to AMAZING AI Video Generation / #warriors #midjourney #ai,Ai.Nueramix,"Watch as the immortal warrior comes to life in this AI-generated video, created on Midjourney + Kling platform. #midjourney #aiart ...",2024-09-30T19:02:42Z,https://i.ytimg.com/vi/_KcZp4nIvUY/hqdefault.jpg,384827,4836,233
yeMWXhp_Tjg,UCvqKb7KRw1vbkYiJihoYE8w,Want to grow your content skills and learn new ones? #GetPaid #VisaCreator #HowTo,Visa,"""Kicking Off The Series With My First Tip: Learn a New Skill. The More You Know The More You Grow!‚Äù Follow Visa to keep up ...",2023-06-07T20:55:25Z,https://i.ytimg.com/vi/yeMWXhp_Tjg/hqdefault.jpg,64411,,0
1UzfFAf1lZk,UCl-Zrl0QhF66lu1aGXaTbfw,ChatGPT Won‚Äôt Help You Rank On Google (But This Will!),Neil Patel,,2023-03-24T15:00:02Z,https://i.ytimg.com/vi/1UzfFAf1lZk/hqdefault.jpg,120677,5047,155
JvuDkSxr8Oo,UChkoXgA7AHmimQosypqjjsg,ChatGPT Goldmine: Mastering AI for Content Creation and Income Generation - Nkechi First,Free Audiobooks,Listen to this audiobook in full for free on https://hotaudiobook.com Title: ChatGPT Goldmine: Mastering AI for Content Creation ...,2025-11-15T09:24:12Z,https://i.ytimg.com/vi/JvuDkSxr8Oo/hqdefault.jpg,1,0,0
655jY4YnaoE,UCzwCEE_PchiBULMnAJqhGVg,Why I Don&#39;t Create Short Form Content? Ft @BBKiVines | Raj Shamani #Shorts,Raj Shamani,Watch the podcast here: https://youtu.be/33JucC6dcRg.,2023-01-07T06:51:26Z,https://i.ytimg.com/vi/655jY4YnaoE/hqdefault.jpg,382603,24261,54
nM4r7bgN-hE,UCWGo_qcp5IIrvAmphX4yvPw,How to use PCG in Unreal Engine 5 | Procedural Content Generation for creating landscapes in seconds,Architectural Visualization,Unlock the power of Procedural Content Generation (PCG) in Unreal Engine 5 and learn how to create stunning landscapes in ...,2025-11-21T12:55:07Z,https://i.ytimg.com/vi/nM4r7bgN-hE/hqdefault.jpg,201,14,1
8_-Z9GJgceI,UCbwthJmjmX5ZhuhyBp0otqw,Top 3 YouTube Channels for Digital Marketing!,Campus Core,Top 3 YouTube Channels for Digital Marketing! | How to learn digital marketing from scratch? | Best digital marketing course on ...,2022-11-20T13:30:02Z,https://i.ytimg.com/vi/8_-Z9GJgceI/hqdefault.jpg,1264664,116971,302
oae-Gpvbf58,UCtvhr6fiF4RQuKzsl0bm-qQ,Canva Tips &amp; Tricks - Layers #canvatips #design #canva,Nancy Casanova,Create a design like this using @Canva The trick is all in how you stack your layers. 01 - Start by placing your person or thing ...,2023-05-29T21:49:35Z,https://i.ytimg.com/vi/oae-Gpvbf58/hqdefault.jpg,305879,6259,33
jY2slMD8POg,UCs_6DXZROU29pLvgQdCx4Ww,How To Create Content For Your Business (E-Commerce) #Shorts,Dan Lok,"Compress Decades Into Days. Get Dan Lok's World-Class Training Solutions to Grow Your Income, Influence and Wealth Today.",2021-08-18T22:45:00Z,https://i.ytimg.com/vi/jY2slMD8POg/hqdefault.jpg,41315,1631,
aotVfatVbaM,UC7qkelRtMF43xahoaLU-qlg,Dynamic Content Generation through Generative AI,Dhara Khatri,Discover how Generative AI is transforming the world of marketing! This video explains how brands use AI to automatically create ...,2025-10-27T07:45:16Z,https://i.ytimg.com/vi/aotVfatVbaM/hqdefault.jpg,13,2,0
eXmFufyQclc,UCjmEbz8wosl__h2opGT5k2w,5 Ways to Level Up as a Content Creator,Nikon USA,"Marketer and entrepreneur @Erin on Demand shares the five ways to level up your content, shot exclusively on the creator-ready ...",2022-08-10T18:27:21Z,https://i.ytimg.com/vi/eXmFufyQclc/hqdefault.jpg,105242,1992,35
5A-6LS9hxr8,UCqcCVUAeQg90KQknq7H-7uA,Creative Reel idea! üí°üî•,Sebastien Jefferies,You must try this creative reel idea. It is perfect for Instagram reels and creative instagram stories. Try this creative video idea with ...,2022-12-25T19:00:01Z,https://i.ytimg.com/vi/5A-6LS9hxr8/hqdefault.jpg,714316,7397,39
jY2slMD8POg,UCs_6DXZROU29pLvgQdCx4Ww,How To Create Content For Your Business (E-Commerce) #Shorts,Dan Lok,"Compress Decades Into Days. Get Dan Lok's World-Class Training Solutions to Grow Your Income, Influence and Wealth Today.",2021-08-18T22:45:00Z,https://i.ytimg.com/vi/jY2slMD8POg/hqdefault.jpg,41315,1631,
uPo9D-wZv6s,UCVeuau7DLrg7zlAjxxDbdww,The Latest LinkedIn Lead Generation Strategies That Generated $2M+ (No Cold InMails),HubSpot Marketing,"Discover 7 proven LinkedIn lead generation strategies to book meetings without InMails, cold DMs, or ads‚Äîreal tactics that ...",2025-10-07T19:30:10Z,https://i.ytimg.com/vi/uPo9D-wZv6s/hqdefault.jpg,4619,190,20
eXmFufyQclc,UCjmEbz8wosl__h2opGT5k2w,5 Ways to Level Up as a Content Creator,Nikon USA,"Marketer and entrepreneur @Erin on Demand shares the five ways to level up your content, shot exclusively on the creator-ready ...",2022-08-10T18:27:21Z,https://i.ytimg.com/vi/eXmFufyQclc/hqdefault.jpg,105242,1992,35
ca2Xkiu0Omw,UCYa1WtI-vb_bx-anHdmpNfA,"AI-Powered Tools for Content Generation and Analysis: Firefly, Audino",NPTEL-NOC IITM,"AI-Powered Tools for Content Generation and Analysis: Firefly, Audino ""AI-powered text-to-image tools: Firefly, Canva AI, Stable ...",2025-09-18T12:33:00Z,https://i.ytimg.com/vi/ca2Xkiu0Omw/hqdefault.jpg,239,2,0
5A-6LS9hxr8,UCqcCVUAeQg90KQknq7H-7uA,Creative Reel idea! üí°üî•,Sebastien Jefferies,You must try this creative reel idea. It is perfect for Instagram reels and creative instagram stories. Try this creative video idea with ...,2022-12-25T19:00:01Z,https://i.ytimg.com/vi/5A-6LS9hxr8/hqdefault.jpg,714316,7397,39
g84cg2KvJxY,UCxGoreKfZxDBxJzirLWuOuw,7 Minute Photoreal Forest!  Procedural Content Generation PCG in Unreal Engine,Aziel Arts,Want My Free Landscape Material? Go Here https://www.azielarts.com/aa-material Want To Build AAA Environments? Go Here ...,2023-07-17T17:27:40Z,https://i.ytimg.com/vi/g84cg2KvJxY/hqdefault.jpg,163375,4751,296
6_F0Zc8lYS0,UCVVprnRFCtihKJj3kA6K1HQ,Tips for small content creators,Emoji Guy,,2022-02-24T10:25:05Z,https://i.ytimg.com/vi/6_F0Zc8lYS0/hqdefault.jpg,138855,3634,4284
LbvczCtquSQ,UCFNTWFhImRvQMTVsewRla_Q,"Here‚Äôs a short video on how to share a design in Canva, click share, select your option &amp; copy link",Business Design Academy,Did you like this video? Please click the thumbs up and be sure to follow me for more tutorials. Want to find out more about me ...,2022-05-23T13:47:57Z,https://i.ytimg.com/vi/LbvczCtquSQ/hqdefault.jpg,268110,891,13
1MQ5ozIvgzE,UCdNj_PP__5kKtjZabuEjbqA,I Tried EVERY AI Video Generator (Here&#39;s What Each Does Best),Dan Kieft,Learn what the Best AI Video Generator is for your AI video project Get All AI Video Generators in ONE platform ...,2025-08-12T17:12:56Z,https://i.ytimg.com/vi/1MQ5ozIvgzE/hqdefault.jpg,245160,,82
r-bnxZVP2I0,UCzoBk0tFboHpD84XhWnNFKA,4 Missing Features of the iPad A16 (11th Generation),Adam Talks Tech,,2025-07-17T15:46:04Z,https://i.ytimg.com/vi/r-bnxZVP2I0/hqdefault.jpg,406920,3492,135
so7rzKjAp7E,UCPNLHLU7Wf6M-tscJgvLXhQ,What is Demand Generation Strategy? #shorts #youtubeshorts,Behavioural Response,"There's no silver bullet for an effective demand generation. It takes a progressive, comprehensive and extensive approach ...",2022-03-02T14:00:32Z,https://i.ytimg.com/vi/so7rzKjAp7E/hqdefault.jpg,475,7,0
3nPxMif7WFI,UCxd4SKRv-ZLGQ-ssDhSSf4g,the reality of working a 9-5 + balancing content creation +life alone: a realistic weekly vlog üë©üèΩ‚Äçüíª,khia,hey girl hey! welcome or welcome back to my channel ‚ô° socials : instagram ( main ) : @vipkhiaaa instagram ( spam ) ...,2025-11-17T22:00:04Z,https://i.ytimg.com/vi/3nPxMif7WFI/hqdefault.jpg,22676,1516,98
jq-1q3G74dU,UC8UQWQgv7UhQFwd96aPYCrw,Generate Long YouTube (16:9) Videos Using Grok AI | FREE &amp; UNLIMITED,Devendra,Generate Long YouTube (16:9) Videos Using Grok AI | FREE & UNLIMITED #grokai #aivideogenerator #aivideocreation #ai Your ...,2025-11-15T13:18:38Z,https://i.ytimg.com/vi/jq-1q3G74dU/hqdefault.jpg,36504,1168,159
9mq5aFiL3H8,UCzwCEE_PchiBULMnAJqhGVg,The Correct Way To Network | Raj Shamani #Shorts,Raj Shamani,The Correct Way To Network | Raj Shamani #shorts Subscribe to the channel: http://bit.ly/RajShamaniYT Enjoyed watching this ...,2022-06-13T15:03:30Z,https://i.ytimg.com/vi/9mq5aFiL3H8/hqdefault.jpg,338603,30237,81
9sgiIovczlo,UCyxlxlNbvEhLCanBlZkOM6g,How to start affiliate marketing without spending money,Jacob Mitchell,,2022-06-27T15:59:19Z,https://i.ytimg.com/vi/9sgiIovczlo/hqdefault.jpg,984605,68459,497
JP15GKEVvK4,UCnzoyAC8ojNVdKUuNWY_uCA,How to Film on Your Front Camera and Still See Yourself on Screen: Tips for Content Creators,Meg Jane | TSP,"If you're a content creator filming on your phone's front camera, you may have noticed that you often have to sacrifice video quality ...",2023-03-27T08:01:43Z,https://i.ytimg.com/vi/JP15GKEVvK4/hqdefault.jpg,262189,5237,68
iaC7Q9f2dTo,UCnGV3TXhkS0W2G1-X6JYZOw,The next generation AR content creation tool is here,Zappar,Looking to create your own augmented reality content? Well look no further than Zappar Studio - build immersive snackable 3D ...,2015-06-01T10:48:13Z,https://i.ytimg.com/vi/iaC7Q9f2dTo/hqdefault.jpg,13412,21,3
s41GdoN2QGg,UCxGoreKfZxDBxJzirLWuOuw,Save Days! Procedural Content Generation Framework (PCG) - Photoreal Landscape Tutorial,Aziel Arts,Want My Free Landscape Material? Go Here https://www.azielarts.com/aa-material Want To Build AAA Environments? Go Here ...,2023-07-10T21:41:47Z,https://i.ytimg.com/vi/s41GdoN2QGg/hqdefault.jpg,59549,2587,190
AeBOzler4nE,UCK8sQmJBp8GCxrOtXWBpyEA,Meet Nano Banana Pro: Next-Level AI Image Generation &amp; Editing,Google,"Fresh off the launch of Gemini 3, we are thrilled to roll out Nano Banana Pro‚Äîan all-new, state-of-the-art image generation and ...",2025-11-20T20:55:11Z,https://i.ytimg.com/vi/AeBOzler4nE/hqdefault.jpg,63321,1481,87
oAZlTw0Gxv0,UCa_AWfTqfS7SbYokcnvLuww,How to Create UGC Content,Bri Islas,,2023-03-06T22:27:15Z,https://i.ytimg.com/vi/oAZlTw0Gxv0/hqdefault.jpg,215943,7435,40
JOG08X_eNTs,UCu9WfoVerneVbuzblsWD62g,Actions cameras are the future of content creation - DJI OSMO NANO,Edward Gilbert,The dji osmo nano has quickly become my go to camera for content creation. So i wanted to show you all how it performs in a real ...,2025-11-18T01:59:58Z,https://i.ytimg.com/vi/JOG08X_eNTs/hqdefault.jpg,2422,110,35
jUrLaHBl_oY,UCy-jd7_90SnIzqwu5uHzspg,The next generation of Roblox games,Willyandgaming,,2025-06-13T22:47:18Z,https://i.ytimg.com/vi/jUrLaHBl_oY/hqdefault.jpg,10631536,172828,6150
qeH8t0sZkbM,UC9TSoi906SPWXM5vNO7wwjA,Don&#39;t Enter Digital Marketing Career If..üëÜ #shorts  #shortsyoutube #career,Dreamex Ventures by YUVRAJ,Don't Enter Digital Marketing Career If You Think This.. #freshers #beginners #after12th #graduates #digitalmarketing #tips ...,2023-05-12T14:07:00Z,https://i.ytimg.com/vi/qeH8t0sZkbM/hqdefault.jpg,395238,10413,312
LiEM8kekLHA,UClGI0h9UV2MrKg7Sy92LmrA,AI and YOU #1 ‚Äî Content Generation: Scale vs. Soul,Black Raven Media,"AI can create faster than ever ‚Äî but can it create better? In this episode, Black Raven Media breaks down how AI revolutionized ...",2025-11-21T14:12:25Z,https://i.ytimg.com/vi/LiEM8kekLHA/hqdefault_live.jpg,0,0,0
HbggvqI5NHw,UCEb1vgzV8-PLNS-ZDN-wWhw,Free Google Certification Course on Digital Marketing! #digitalmarketing #freecourse #shorts,Daksh Sethi,Want to learn Digital Marketing? You can learn free with Google! And the best part is you can get a certificate from google also.,2023-04-20T11:18:33Z,https://i.ytimg.com/vi/HbggvqI5NHw/hqdefault.jpg,359865,13756,70
hG9aamywtUo,UC8J1yxr4VDX5KbkACBhMMQA,Rajasve Kaushik on use of Content Marketing | Social media for Lead Generation,Wadhwani Foundation,"In this video, Rajasve Kaushik, Founder, Pearl Consulting Services on the use of content marketing and social media for Lead ...",2017-06-20T08:40:23Z,https://i.ytimg.com/vi/hG9aamywtUo/hqdefault.jpg,263,0,0
PZDhdBRSG3k,UCe3yiM2g_g_psSMn6xj1G-g,How I shoot videos as a full time content creator,Lindsey Eats,shorts #contentcreator.,2023-04-28T16:30:07Z,https://i.ytimg.com/vi/PZDhdBRSG3k/hqdefault.jpg,167613,4301,31
u7CZYHvwz1c,UCjn3Rmu0HIITQinlqLGheRQ,LLM Use Cases in Content Generation  #aiinnovation #generativeai #llms,GoML,Grokipedia has debuted with 800000+ AI content generated articles. Is this the best use case for LLMs in content generation? No.,2025-11-05T12:00:05Z,https://i.ytimg.com/vi/u7CZYHvwz1c/hqdefault.jpg,20,2,0
T5wthmEB6Dw,UCqcXlH7B1-2ssVH3Dvuf8LA,I have learned somethings the hard way....,MattackGaming,"I am not an expert, but I have learned somethings the hard way lol #streamer #contentcreator #streameradvice #streamingtips ...",2025-11-21T21:19:31Z,https://i.ytimg.com/vi/T5wthmEB6Dw/hqdefault.jpg,2203,73,2
HAYAn4pNml8,UCjJHHCyCSX02-LGlEr1BKLA,This is the REAL reason we aren&#39;t having more kids!,Ong Squad,follow Ong Squad on TikTok : https://www.tiktok.com/@ongsquad?lang=en Follow Ong Squad on Instagram: ...,2023-06-15T16:00:22Z,https://i.ytimg.com/vi/HAYAn4pNml8/hqdefault.jpg,71558091,2309385,19189
g8bUrxMggA4,UCi_7cmJQ_Fsk3j2hAUruGBg,Unused Content: Pokemon Generation One,Pikasprey Yellow,"Welcome to the first episode of Unused Content! As the name implies, this is a series where I will cover content within the data of ...",2015-03-18T22:56:14Z,https://i.ytimg.com/vi/g8bUrxMggA4/hqdefault.jpg,1305615,24608,1211
JfrvSm2efJc,UC2SxmE4C-KAQuHaEfHVymgQ,ReIntroducing AI Content Generation with Zoom Events | more content types including video snippets,Zoom,Discover how Zoom Webinars & Events AI content generation can transform your webinar content into engaging assets that drive ...,2025-06-25T22:04:39Z,https://i.ytimg.com/vi/JfrvSm2efJc/hqdefault.jpg,975,21,0
mr_UmzDpYmc,UCMwthtk1Kkm6jBruDHKAI_A,BEST Cameras for Vertical Content ( Sony A7iv + Sony Fx3 + iPhone 14 Pro Max),JHawk,The Best Cameras for Veritcal Content ( Sony A7iv + Sony Fx3 + iPhone 14 Pro Max) Stay up to date with me! Instagram ...,2022-12-19T16:56:04Z,https://i.ytimg.com/vi/mr_UmzDpYmc/hqdefault.jpg,92014,3332,66
ecNRTcsWP74,UCsT0YIqwnpJCM-mx7-gSA4Q,Crossing the content generation gap | Ben Huh | TEDxPoynterInstitute,TEDx Talks,"This talk was given at a local TEDx event, produced independently of the TED Conferences. It's not about our age. It's about ...",2014-11-07T21:55:30Z,https://i.ytimg.com/vi/ecNRTcsWP74/hqdefault.jpg,2760,19,1
lzh20RhrVW4,UCLOzkJ9W9fntCGyYfUwMPew,How To Get Clients On LinkedIn (Full Lead Generation Masterclass),Patrick Dang,Free Training ‚Üí Monetize Your Skills Online & Build Your Personal Brand: https://founderx.net/training/?video=lzh20RhrVW4 ...,2024-12-25T14:00:47Z,https://i.ytimg.com/vi/lzh20RhrVW4/hqdefault.jpg,103159,3660,84
gIMLmTUKV_s,UC7geKfz2-IH0rsgRBtHTm0g,Going Viral: Proven Strategies for Your Instagram Reel and TikTok Videos,Learn With Shopify,3 Secrets to Make Your Instagram Reel & TikTok Video a Viral Sensation. To watch the full Instagram Growth Hacks in 2023 video ...,2023-02-03T18:23:27Z,https://i.ytimg.com/vi/gIMLmTUKV_s/hqdefault.jpg,195159,6562,23
CprKvoPmHjA,UCYyDbdaja1UDNdFSwUrYVGA,Disney+ Show Creator Urges People To Cancel Disney+ Over AI User- Generated Content,John Campea,The TJCS crew discuss Disney Plus show creator Dana Terrace urging fans of the streaming service to pirate her show Owl ...,2025-11-17T21:32:39Z,https://i.ytimg.com/vi/CprKvoPmHjA/hqdefault.jpg,10533,306,
EJGLKanPGuY,UCN7-aOXED32PkwpEPNN1eJQ,"Content Creators Going Broke and Podcasts Are Dead, House and Corporate Penthouse Tour | 2025.11.17",Dvrth Anton,Join the Bag Chasers on Patreon | https://www.patreon.com/AntonDaniels. Buy me a drink and support the channel... *CashApp ...,2025-11-18T00:07:19Z,https://i.ytimg.com/vi/EJGLKanPGuY/hqdefault.jpg,24819,1129,77
yZaXYsU_x6Y,UC3phwqbwUMkfvf3PUXJ2Oyw,Answering your FAQs on balancing art and content creationüí´ #art,Tahlia Stanton,,2023-04-28T11:00:45Z,https://i.ytimg.com/vi/yZaXYsU_x6Y/hqdefault.jpg,2356693,160604,625
sNGfxYor8Oc,UC2SxmE4C-KAQuHaEfHVymgQ,Introducing AI Content Generation with Zoom Events,Zoom,Transform Your Virtual Events into Content Gold with Zoom Events AI! Discover how to leverage the power of AI to turn your Zoom ...,2025-05-20T16:16:28Z,https://i.ytimg.com/vi/sNGfxYor8Oc/hqdefault.jpg,667,12,0
ry0liO_6MR4,UCzZZ09XFjdsTpOXI8UXl86A,The Legend: Dex opens up about Content Creation &amp; Fitness Goals,Tim Le,"The legend Dex (&) Training, Content Creation & Goals Dex is a great human being and I'm honoured to call him a friend!",2025-11-21T12:10:18Z,https://i.ytimg.com/vi/ry0liO_6MR4/hqdefault.jpg,2126,17,0
StX3JsIX-VM,UC4YrkpqcIQgE4AU0JrEDy1w,The BEST Editing software for creators!,Casp,"If you're looking for something easy to start your content creation journey, filmora is the way to go! Try Filmora 12 for Free here: ...",2023-02-18T19:04:05Z,https://i.ytimg.com/vi/StX3JsIX-VM/hqdefault.jpg,699463,21588,307
QkihiTVVnXg,UCG6sJyYpCKlLJ2CE0ao3zFw,Ai se Motivational Video kaise banayeü§ëüí∏| Ai video kaise banaye | Best Text to Video Ai (FULL COURSE),Digital Raj,AI se Motivational Video kaise banaye? Iss video mein main aapko step-by-step process bata raha hoon jisme aap Text-to-Video ...,2025-11-07T10:30:22Z,https://i.ytimg.com/vi/QkihiTVVnXg/hqdefault.jpg,106182,3087,225
vnMh88hdaCg,UCz9PiVHDo3KGm3-gpL9X2vg,FIRE Video Podcast Setup üî•,Ben Johnson,Check out my lighting course: http://www.learnvideolighting.com Use Code CREATIVE20 to save 20% ‚ö°Ô∏èFEATURED ...,2023-06-13T14:07:26Z,https://i.ytimg.com/vi/vnMh88hdaCg/hqdefault.jpg,860916,22326,202
k_7sI2qzgw0,UCQBzn-XGeA4sq9kB8Gl8iHg,HOW GEN Z brain works üß†üòÇ,Victoria Pfeifer,,2023-05-26T16:00:38Z,https://i.ytimg.com/vi/k_7sI2qzgw0/hqdefault.jpg,14957256,659866,5084
ZVDdXvk64YI,UC5UIMngWquLaJXW301U_FNA,Stop Paying for AI Tools! FREE and UNLIMITED AI Video Generation with Grok AI,The AI Garage,Try Grok AI for FREE ‚Äì Unlimited AI Video & Image Generation Create your own videos using Veo 3 and Sora 2 (try it free) ...,2025-10-04T10:23:01Z,https://i.ytimg.com/vi/ZVDdXvk64YI/hqdefault.jpg,35620,1368,200
2TGJlS5KT5s,UCzBvAIHPZ_Y7chhoN5ebv_A,Why Reels Will Never Help Classic Content Creators?,Best Of TRS | English,BBShorts Watch The Full Episode Here: https://youtu.be/br4TSVzCv50 This episode is deep down into the basics of health and ...,2022-07-20T14:43:48Z,https://i.ytimg.com/vi/2TGJlS5KT5s/hqdefault.jpg,343531,20662,88
9IIkryTJUbs,UClcWj0rZZun9HMFeics7ksw,Generative AI: - Text Generation Strategies for LLMs - Anand Vemula,Free Audiobooks,Listen to this audiobook in full for free on https://hotaudiobook.com Title: Generative AI: - Text Generation Strategies for LLMs ...,2025-11-15T09:09:51Z,https://i.ytimg.com/vi/9IIkryTJUbs/hqdefault.jpg,0,0,0
wwGN1Uh6WX8,UCtqrHdplUzE9VYrn5k7MmZw,#millennials when we act like our slang is more elite than Gen Z‚Äôs. #genz #generation,MelissaKristinTV - DigitalMunchies,,2023-03-20T19:46:25Z,https://i.ytimg.com/vi/wwGN1Uh6WX8/hqdefault.jpg,18197971,1258154,9180
dBnpr3pkFlk,UCN5xPNTy8hLoRVTGbECznMg,Documentary- The Story of Content: Rise of the New Marketing,Content Marketing Institute,"If you enjoy the documentary, look for more content marketing news & education here: https://contentmarketinginstitute.com/ ...",2015-09-09T08:00:00Z,https://i.ytimg.com/vi/dBnpr3pkFlk/hqdefault.jpg,566289,6799,230
